년,월,선불카드(일반),선불카드(청소년),선불카드(어린이),선불카드(특수),후불카드(일반),후불카드(청소년),후불카드(어린이),아이조아선불(일반),아이조아선불(청소년),아이조아선불(어린이),아이조아후불(일반),무임카드(경로자),무임카드(장애인),무임카드(유공자),일반권,할인권,우대권(경로자),우대권(장애인),우대권(유공자),정액권,정기출입권,단체권,기타
1997,11,0,0,0,0,0,0,0,0,0,0,0,0,0,0,405719,38289,0,0,0,29715,0,501,17157
1997,12,0,0,0,0,0,0,0,0,0,0,0,0,0,0,1659228,102474,0,0,0,394187,0,5416,87046
1998,01,0,0,0,0,0,0,0,0,0,0,0,0,0,0,1358073,80955,104651,14968,6163,452714,0,28,67083
1998,02,0,0,0,0,0,0,0,0,0,0,0,0,0,0,1206172,71691,107286,15345,6319,497108,0,32,56096
1998,03,0,0,0,0,0,0,0,0,0,0,0,0,0,0,1226045,53002,130535,18670,7688,630144,0,95,55075
1998,04,0,0,0,0,0,0,0,0,0,0,0,0,0,0,1154883,47770,130931,16539,5666,616891,0,2330,51975
1998,05,0,0,0,0,0,0,0,0,0,0,0,0,0,0,3172769,162119,327231,41334,14161,1247992,0,5768,105439
1998,06,0,0,0,0,0,0,0,0,0,0,0,0,0,0,2579927,109917,299866,37878,12977,1321775,0,5969,91545
1998,07,0,0,0,0,0,0,0,0,0,0,0,0,0,0,2622561,129310,284141,36728,13022,1263043,0,2503,79474
1998,08,0,0,0,0,0,0,0,0,0,0,0,0,0,0,2524024,142248,273060,35296,12514,1137202,0,462,68988
1998,09,0,0,0,0,0,0,0,0,0,0,0,0,0,0,2377147,113428,287416,37151,13172,1367398,0,14278,71069
1998,10,0,0,0,0,0,0,0,0,0,0,0,0,0,0,2638408,127046,299465,41366,12728,1327513,0,2604,72469
1998,11,0,0,0,0,0,0,0,0,0,0,0,0,0,0,2571186,112036,305797,42241,12997,1351584,0,5475,70781
1998,12,0,0,0,0,0,0,0,0,0,0,0,0,0,0,2802381,135731,312795,43208,13295,1307109,0,546,70880
1999,01,0,0,0,0,0,0,0,0,0,0,0,0,0,0,2618205,135762,297776,39797,11520,1145021,0,475,69772
1999,02,0,0,0,0,0,0,0,0,0,0,0,0,0,0,2472906,130082,270165,36106,10452,986599,0,651,60778
1999,03,0,0,0,0,0,0,0,0,0,0,0,0,0,0,2679791,90053,337183,45063,13045,1434550,0,790,75301
1999,04,0,0,0,0,0,0,0,0,0,0,0,0,0,0,2551947,88631,339979,45437,13153,1362309,0,7736,68779
1999,05,0,0,0,0,0,0,0,0,0,0,0,0,0,0,2690977,112808,348712,46604,13490,1309807,0,6261,68150
1999,06,0,0,0,0,0,0,0,0,0,0,0,0,0,0,2311615,79105,333716,44600,12910,1245232,0,8859,66608
1999,07,0,0,0,0,0,0,0,0,0,0,0,0,0,0,2448518,106250,339209,45334,13123,1152454,0,2408,68720
1999,08,0,0,0,0,0,0,0,0,0,0,0,0,0,0,2397685,124413,321794,43007,12449,1033115,0,969,57732
1999,09,0,0,0,0,0,0,0,0,0,0,0,0,0,0,2337969,95598,318583,42577,12325,1143210,0,14685,59500
1999,10,0,0,0,0,0,0,0,0,0,0,0,0,0,0,2536845,89852,367071,49057,14201,1246935,0,4647,64579
1999,11,0,0,0,0,0,0,0,0,0,0,0,0,0,0,2457866,78642,354391,47363,13710,1213860,0,11271,61382
1999,12,0,0,0,0,0,0,0,0,0,0,0,0,0,0,2705278,102145,360634,48197,13952,1144805,0,2265,64085
2000,01,0,0,0,0,0,0,0,0,0,0,0,0,0,0,2517844,108994,342819,45816,13263,1046207,0,523,61619
2000,02,0,0,0,0,0,0,0,0,0,0,0,0,0,0,2468323,110958,324651,43388,12560,981003,0,577,58064
2000,03,0,0,0,0,0,0,0,0,0,0,0,0,0,0,2560507,73800,393127,52540,15209,1336175,0,2879,70872
2000,04,0,0,0,0,0,0,0,0,0,0,0,0,0,0,2498321,82748,387183,51745,14979,1231286,0,18361,62999
2000,05,0,0,0,0,0,0,0,0,0,0,0,0,0,0,2445269,91014,422745,61598,12419,1269983,0,12188,66963
2000,06,0,0,0,0,0,0,0,0,0,0,0,0,0,0,2144282,65969,402049,58583,11811,1196967,0,5877,61173
2000,07,0,0,0,0,0,0,0,0,0,0,0,0,0,0,2214892,87209,397619,57937,11681,1103818,0,2632,59700
2000,08,0,0,0,0,0,0,0,0,0,0,0,0,0,0,2150231,98357,395316,57602,11613,1040730,0,1874,57499
2000,09,0,0,0,0,0,0,0,0,0,0,0,0,0,0,2169114,81749,388108,56552,11401,1127085,0,18517,60355
2000,10,0,0,0,0,0,0,0,0,0,0,0,0,0,0,2216830,75736,444263,64734,13051,1232547,0,5333,61192
2000,11,0,0,0,0,0,0,0,0,0,0,0,0,0,0,2201932,69628,429436,62574,12615,1227508,0,10645,60299
2000,12,0,0,0,0,0,0,0,0,0,0,0,0,0,0,2496130,99660,440933,64249,12953,1153363,0,1225,61008
2001,01,0,0,0,0,0,0,0,0,0,0,0,0,0,0,2327302,101082,388293,56579,11407,1020274,0,435,56978
2001,02,0,0,0,0,0,0,0,0,0,0,0,0,0,0,2126430,90433,408637,59543,12004,1070884,0,0,56132
2001,03,0,0,0,0,0,0,0,0,0,0,0,0,0,0,2328586,68019,475747,69321,13976,1402831,0,2131,66202
2001,04,0,0,0,0,0,0,0,0,0,0,0,0,0,0,2393847,73566,490941,71535,14423,1355301,0,15216,59179
2001,05,0,0,0,0,0,0,0,0,0,0,0,0,0,0,2366040,84279,508647,75553,10708,1383435,0,9566,59577
2001,06,0,0,0,0,0,0,0,0,0,0,0,0,0,0,2060983,65583,473180,70285,9962,1269119,0,5068,54593
2001,07,0,0,0,0,0,0,0,0,0,0,0,0,0,0,2132518,86777,470680,69914,9909,1182486,0,512,54145
2001,08,0,0,0,0,0,0,0,0,0,0,0,0,0,0,2113497,103398,474092,70421,9981,1094770,0,860,53400
2001,09,0,0,0,0,0,0,0,0,0,0,0,0,0,0,2138241,80592,485543,72122,10222,1265071,0,20298,54027
2001,10,0,0,0,0,0,0,0,0,0,0,0,0,0,0,2222628,81234,490172,72809,10319,1254014,0,4490,52536
2001,11,0,0,0,0,0,0,0,0,0,0,0,0,0,0,2267474,72567,504399,74922,10619,1319637,0,7557,52584
2001,12,0,0,0,0,0,0,0,0,0,0,0,0,0,0,2525715,111390,500763,74382,10542,1238800,0,1192,54275
2002,01,0,0,0,0,0,0,0,0,0,0,0,0,0,0,2303246,112663,490788,71513,14418,1230562,0,349,53874
2002,02,0,0,0,0,0,0,0,0,0,0,0,0,0,0,2245031,103431,440516,64188,12941,1073507,0,639,49477
2002,03,0,0,0,0,0,0,0,0,0,0,0,0,0,0,2416531,74952,531790,77488,15622,1507668,0,684,60658
2002,04,0,0,0,0,0,0,0,0,0,0,0,0,0,0,2275007,71405,529181,77107,15546,1488152,0,13164,54467
2002,05,0,0,0,0,0,0,0,0,0,0,0,0,0,0,2437550,90071,571359,83253,16785,1578659,0,4298,59328
2002,06,0,0,0,0,0,0,0,0,0,0,0,0,0,0,2247716,85593,526430,76707,15465,1358033,0,2507,57381
2002,07,0,0,0,0,0,0,0,0,0,0,0,0,0,0,2144027,88984,534201,77839,15693,1279196,0,2655,54747
2002,08,0,0,0,0,0,0,0,0,0,0,0,0,0,0,1988556,101827,514954,75034,15128,971147,0,1322,51376
2002,09,0,0,0,0,0,0,0,0,0,0,0,0,0,0,1977448,88827,524722,76458,15415,911731,0,14962,50679
2002,10,0,0,0,0,0,0,0,0,0,0,0,0,0,0,1950600,74892,574640,83731,16881,883396,0,7934,52917
2002,11,0,0,0,0,0,0,0,0,0,0,0,0,0,0,1970893,74652,549475,80065,16142,778523,0,4372,51126
2002,12,0,0,0,0,0,0,0,0,0,0,0,0,0,0,2092746,102795,551061,98143,13926,709860,0,1778,50147
2003,01,0,0,0,0,53191,0,0,0,0,0,0,0,0,0,1998782,107210,540070,96186,13648,644319,0,670,51043
2003,02,0,0,0,0,40225,0,0,0,0,0,0,0,0,0,1282143,67887,356785,63543,9016,387917,0,628,40900
2003,03,0,0,0,0,15345,0,0,0,0,0,0,0,0,0,424145,21254,228335,40666,5770,171381,0,0,38012
2003,04,0,0,0,0,19016,0,0,0,0,0,0,0,0,0,495730,22415,264104,47036,6674,173827,0,2668,31518
2003,05,0,0,0,0,20065,0,0,0,0,0,0,0,0,0,529873,28777,273818,48767,6920,161796,0,354,32529
2003,06,0,0,0,0,19819,0,0,0,0,0,0,0,0,0,477354,25690,263686,46962,6664,144714,0,398,33207
2003,07,0,0,0,0,19679,0,0,0,0,0,0,0,0,0,491183,29139,271287,48316,6856,135593,0,274,31391
2003,08,0,0,0,0,19116,0,0,0,0,0,0,0,0,0,498834,35412,266082,47389,6724,120371,0,123,30809
2003,09,0,0,0,0,20518,0,0,0,0,0,0,0,0,0,507065,31279,264770,47155,6691,125985,0,1430,27582
2003,10,0,0,0,0,35145,0,0,0,0,0,0,0,0,0,775313,38084,368636,65654,9316,194951,0,1766,36715
2003,11,0,0,0,0,61215,0,0,0,0,0,0,0,0,0,1334324,57754,486494,86644,12294,311992,0,1920,45653
2003,12,0,0,0,0,69555,0,0,0,0,0,0,0,0,0,1449310,67165,520712,92738,13159,334367,0,136,47607
2004,01,0,0,0,0,78922,0,0,0,0,0,0,0,0,0,1693248,101945,529496,94302,13381,333184,0,298,48400
2004,02,0,0,0,0,86883,0,0,0,0,0,0,0,0,0,1760111,99482,552857,98463,13971,351592,0,631,49117
2004,03,0,0,0,0,95442,0,0,0,0,0,0,0,0,0,1704020,60791,615782,109670,15561,403344,0,164,55513
2004,04,0,0,0,0,98454,0,0,0,0,0,0,0,0,0,1682370,61514,618080,103997,15489,366076,0,4284,49761
2004,05,0,0,0,0,114022,0,0,0,0,0,0,0,0,0,2041643,86077,673770,113367,16885,374535,0,2002,48807
2004,06,0,0,0,0,109122,0,0,0,0,0,0,0,0,0,1708761,58303,635622,106948,15929,358811,0,874,49280
2004,07,0,0,0,0,102004,0,0,0,0,0,0,0,0,0,1721630,82095,611088,102820,15314,299141,0,836,40260
2004,08,0,0,0,0,88155,0,0,0,0,0,0,0,0,0,1757866,93725,573366,96473,14369,213155,0,510,30634
2004,09,0,0,0,0,92532,0,0,0,0,0,0,0,0,0,1725401,72346,588422,99007,14746,255660,0,1662,28762
2004,10,0,0,0,0,105356,0,0,0,0,0,0,0,0,0,1778579,67628,662176,111416,16594,313163,0,2081,36879
2004,11,0,0,0,0,115464,0,0,0,0,0,0,0,0,0,1626724,62720,671028,112905,16816,192037,0,610,37729
2004,12,0,0,0,0,122015,0,0,0,0,0,0,0,0,0,1739802,72317,668705,112515,16757,59724,0,212,25667
2005,01,1397976,185171,0,0,125551,0,0,0,0,0,0,0,0,0,1564508,97115,657650,110655,16480,0,0,499,16433
2005,02,1231063,169756,0,0,112472,0,0,0,0,0,0,0,0,0,1403795,90517,566999,95402,14209,0,0,470,50813
2005,03,1668078,302486,0,0,138452,0,0,0,0,0,0,0,0,0,1423168,54322,732171,123193,18348,0,0,228,64198
2005,04,1598864,280716,0,0,137686,0,0,0,0,0,0,0,0,0,1367589,55657,742388,124913,18604,0,0,3076,60714
2005,05,1622963,290737,0,0,146540,0,0,0,0,0,0,0,0,0,1423503,67169,783073,131758,19624,0,0,1114,56987
2005,06,1467450,268393,0,0,142213,0,0,0,0,0,0,0,0,0,1226708,53453,729428,122732,18279,0,0,1211,54104
2005,07,1415077,231762,0,0,145314,0,0,0,0,0,0,0,0,0,1302945,74264,748739,125981,18763,0,0,1211,64583
2005,08,1356426,195657,0,0,147187,0,0,0,0,0,0,0,0,0,1295264,99025,754466,126945,18907,0,0,949,64282
2005,09,1436102,261977,0,0,160987,0,0,0,0,0,0,0,0,0,1271656,73550,756029,127208,18946,0,0,4193,68849
2005,10,1987523,356470,0,0,237908,0,0,0,0,0,0,0,0,0,2005621,128079,1116330,201439,32091,0,0,7543,104235
2005,11,2822024,426488,0,0,333602,0,0,0,0,0,0,0,0,0,2476218,148305,1380034,262366,44419,0,0,13810,119132
2005,12,2752887,469102,0,0,348974,0,0,0,0,0,0,0,0,0,2593930,173217,1401094,265685,47287,0,0,4657,106071
2006,01,2575427,333229,0,0,334047,0,0,0,0,0,0,0,0,0,2442584,222890,1344099,284170,69477,0,0,1329,102293
2006,02,2979280,391780,0,0,358121,0,0,0,0,0,0,0,0,0,2339270,198514,1351877,282235,68643,0,0,1122,98052
2006,03,4516716,653099,0,0,412354,0,0,0,0,0,0,0,0,0,2106424,141282,1602704,322097,78553,0,0,2202,103715
2006,04,4413761,626899,0,0,388804,0,0,0,0,0,0,0,0,0,1905398,138233,1576253,313746,77449,0,0,6011,103478
2006,05,4676429,665793,0,0,408450,0,0,0,0,0,0,0,0,0,1996709,182437,1638577,325887,80659,0,0,3062,106110
2006,06,4234953,595917,0,0,389228,0,0,0,0,0,0,0,0,0,1724287,130127,1559023,309640,78530,0,0,4381,98674
2006,07,3885646,543484,0,0,370043,0,0,0,0,0,0,0,0,0,1706659,168991,1497822,295986,74176,0,0,2856,93270
2006,08,3863510,512710,0,0,368189,0,0,0,0,0,0,0,0,0,1698609,213548,1538541,307052,76815,0,0,1768,92344
2006,09,4364417,638432,0,0,401688,0,0,0,0,0,0,0,0,0,1622065,151237,1596155,315726,77589,0,0,7732,91914
2006,10,4088582,598085,3023,0,393784,0,0,0,0,0,0,0,0,0,1723705,170466,1518984,310056,76283,0,0,5137,88131
2006,11,4421819,737113,43775,0,414411,0,0,0,0,0,0,0,0,0,1247531,102479,1587380,322085,80533,0,0,6817,86332
2006,12,4338731,824504,55499,0,431509,0,0,0,0,0,0,0,0,0,1354429,131111,1607541,332454,83469,0,0,3738,86537
2007,01,4137841,654017,62220,0,421041,0,0,0,0,0,0,0,0,0,1170121,157943,1647907,334118,85657,0,0,1323,87532
2007,02,3642510,680649,64013,0,382496,0,0,0,0,0,0,0,0,0,1116145,146692,1430076,298337,76173,0,0,788,77401
2007,03,4732292,988373,85959,0,448217,0,0,0,0,0,0,0,0,0,1104059,100479,1685995,346321,88334,0,0,1491,89632
2007,04,4504585,962771,85838,0,443253,0,0,0,0,0,0,0,0,0,996608,93573,1678959,339784,84918,0,0,2565,84603
2007,05,4735477,1097892,96493,0,471379,0,0,0,0,0,0,0,0,0,1069606,132547,1737574,355453,88099,0,0,3114,87165
2007,06,4215729,912508,82342,0,442917,0,0,0,0,0,0,0,0,0,897004,93193,1636733,337367,83891,0,0,1895,81198
2007,07,4066611,852812,86383,0,436471,0,0,0,0,0,0,116,171,164,932385,132754,1628675,335520,80787,0,0,2244,82517
2007,08,3909534,802098,84055,0,418029,0,0,0,0,0,0,26846,21994,3432,896781,143730,1503470,306839,72419,0,0,2311,79132
2007,09,3976843,896181,80454,0,423269,0,0,0,0,0,0,107477,50790,6535,894024,106131,1354137,275461,62732,0,0,7066,75657
2007,10,4553580,1017024,88294,0,487385,0,0,0,0,0,0,172943,69082,8516,915723,108704,1556756,308682,71162,0,0,9081,84784
2007,11,4520006,999466,80433,0,488958,0,0,0,0,0,0,199005,73614,8606,891640,86054,1428541,297173,68176,0,0,7321,80685
2007,12,4366331,986071,87834,0,496564,0,0,0,0,0,0,231398,79018,8517,991403,127116,1393404,292890,68284,0,0,2006,80289
2008,01,4212574,773758,84222,0,485545,0,0,0,0,0,0,286657,85984,9024,853922,124298,1331393,279690,64807,0,0,665,84186
2008,02,3753012,826570,82689,0,439514,0,0,0,0,0,0,282439,82241,8109,878160,122579,1114064,244444,56088,0,0,775,75421
2008,03,4820576,1190028,95517,0,529818,0,0,0,0,0,0,383619,105331,9887,875393,90207,1323065,285871,64724,0,0,1006,86625
2008,04,4656993,1158373,90908,0,532658,0,0,0,0,0,0,416859,109503,10190,798029,82666,1310166,281514,61874,0,0,1431,87522
2008,05,4769635,1261655,103659,0,554866,0,0,0,0,0,0,450301,114210,10088,900059,126165,1320289,288804,63027,0,0,2620,100582
2008,06,4396851,1025429,84687,0,537299,0,0,0,0,0,0,454618,114633,9763,760127,83595,1234771,273204,61281,0,0,2041,115593
2008,07,4348770,946038,94018,0,543586,0,0,0,0,0,0,468717,118564,10281,761297,112837,1220746,272431,59685,0,0,2686,118030
2008,08,4027927,870337,93031,0,501029,0,0,0,0,0,0,461015,113537,9547,770473,125918,1163112,258540,56252,0,0,1754,109129
2008,09,4357676,1052501,84784,0,538635,0,0,0,0,0,0,477909,118143,10145,742525,91331,1139247,258078,56838,0,10,15365,116215
2008,10,4626865,1101151,89040,0,579615,0,0,0,0,0,0,542223,132702,11170,752043,90972,1241517,276632,63887,0,13469,6370,122149
2008,11,4512489,1067277,82728,0,570472,0,0,0,0,0,0,513154,128415,10751,760183,79281,1146730,260846,61216,0,13964,5227,112480
2008,12,4489158,1064720,87760,0,599812,0,0,0,0,0,0,535395,135151,11311,782001,91906,1167810,271345,64985,0,14021,909,120585
2009,01,3984118,803427,84452,0,544569,0,0,0,0,0,0,476819,119853,10045,754528,113082,1055510,245207,58473,0,19494,1400,110331
2009,02,4008490,907188,91859,0,547828,0,0,0,0,0,0,504353,123076,9779,689577,99861,1078054,243137,58341,0,20003,712,106923
2009,03,4902279,1271887,98908,0,628857,0,0,0,0,0,0,590970,143639,10998,711498,74046,1217480,273320,63901,0,21035,1129,124515
2009,04,4790613,1248995,96694,0,643499,0,0,0,0,0,0,603291,146211,11390,683541,73139,1224835,273655,63139,0,20037,2074,117296
2009,05,4809820,1308639,107844,0,649564,0,0,0,0,0,0,600890,145112,11404,754896,114629,1211410,272236,62262,0,19268,3375,117723
2009,06,4479517,1064237,83899,0,641603,0,0,0,0,0,0,605455,143163,11449,615915,71737,1166393,260374,61471,0,20495,2052,116341
2009,07,4366560,1015420,99887,0,641127,0,0,0,0,0,0,611827,143310,11011,642938,111410,1166999,261564,59654,0,23077,1655,118594
2009,08,4123784,912665,98918,0,605603,0,0,0,0,0,0,619412,141874,10586,678341,121055,1082049,250810,55521,0,22390,982,107389
2009,09,4609698,1072919,85207,0,666151,0,0,0,0,0,0,802542,167547,12408,587021,69634,849564,279185,38215,0,20549,1124,115989
2009,10,4534345,1043353,83435,0,675902,0,0,0,0,0,0,952352,181565,12668,690368,86286,600589,269079,24315,0,20218,1602,109937
2009,11,4479280,1046815,68741,0,663889,0,0,0,0,0,0,999371,182931,12532,606819,60114,487607,245943,22542,0,19445,1500,102588
2009,12,4585157,1125612,88112,0,713490,0,0,0,0,0,0,1095594,195934,13420,693803,99596,452809,258187,24129,0,20012,1387,105673
2010,01,4358241,887494,91098,0,689189,0,0,0,0,0,0,1078723,189723,13108,697674,112475,422392,247344,22222,0,18922,870,102802
2010,02,3900676,941295,90409,0,628082,0,0,0,0,0,0,971629,170219,11316,671480,107012,361237,220928,19473,0,18117,733,95956
2010,03,5105325,1376650,101492,0,774756,0,0,0,0,0,0,1215880,208656,13836,698469,80793,431952,264133,23329,0,19875,2050,110302
2010,04,4873140,1303736,94318,0,776652,0,0,0,0,0,0,1255920,209891,13611,625007,78867,428528,263223,20317,0,20253,3215,107648
2010,05,4970084,1395457,109134,0,801457,0,0,0,0,0,0,1275178,211522,13617,716170,124334,433264,270498,18748,0,19839,2292,107959
2010,06,4591782,1158798,85689,0,786019,0,0,0,0,0,0,1253926,208052,13274,588651,83049,402547,253965,18312,0,20520,3224,107250
2010,07,4455709,1063014,97360,0,788202,0,0,0,0,0,0,1250921,209259,12534,618488,115516,393337,250279,18134,0,24674,1294,109294
2010,08,4189332,960845,92514,0,754369,0,0,0,0,0,0,1197474,201099,11677,620155,117963,368230,244084,16885,0,22651,1117,106666
2010,09,4282421,1037304,81963,0,778171,0,0,0,0,0,0,1182150,196041,11857,608692,93248,351070,234803,15761,0,20564,3308,104674
2010,10,4780625,1188694,91671,0,884093,0,0,0,0,0,0,1333787,221202,13061,662804,99117,396220,261580,17814,0,21416,5880,107141
2010,11,4772963,1131551,76825,0,901786,0,0,0,0,0,0,1281445,220170,13354,618613,76870,367697,251759,16614,0,20590,6306,102959
2010,12,4861365,1192783,88297,0,984443,0,0,0,0,0,0,1270175,225308,14066,713404,109986,363084,256095,17294,0,20526,1156,105691
2011,01,4438139,942334,90633,0,970415,0,0,0,0,0,0,1249212,218220,13877,630494,111695,346589,244923,16642,0,21020,1722,99790
2011,02,3935338,976091,94120,0,1011240,0,0,0,0,0,0,1071082,190954,12258,706953,121916,306893,221884,14529,0,18570,309,88274
2011,03,4914429,1380022,102322,0,1328191,0,0,0,0,0,0,1402770,238901,14861,642367,86134,382174,267539,17014,0,22209,1348,108802
2011,04,4599628,1313790,96875,0,1411165,0,0,0,0,0,0,1390715,234529,14371,617925,87193,378560,265455,16782,0,21885,1656,101450
2011,05,4584589,1374667,111697,0,1477672,0,0,0,0,0,0,1399590,235172,14017,658980,127163,374021,268192,16476,0,21552,2877,105009
2011,06,4144820,1121197,84973,0,1451422,0,0,0,0,0,0,1369556,230865,14050,558101,84754,352195,254317,16070,0,22075,3284,100313
2011,07,3948103,1059634,96442,0,1464353,0,0,0,0,0,0,1369400,231446,13507,586222,120861,347745,252210,15440,0,25187,725,109550
2011,08,4005298,1027183,111418,11493,1575972,0,0,0,0,0,0,1389741,233727,13953,675230,149956,352409,257762,15242,0,24182,4842,115908
2011,09,4141343,1106822,94552,8446,1659223,0,0,0,0,0,0,1346393,229897,14165,632675,111222,340357,252596,14261,0,21227,7303,112320
2011,10,4216490,1126785,91692,0,1767971,0,0,0,0,0,0,1450084,245468,14777,635161,109017,367006,271323,17031,0,21298,4595,106570
2011,11,4191474,1151338,81225,0,1849334,0,0,0,0,0,0,1402560,243816,14601,593335,95150,347460,263031,17462,0,21792,5832,105923
2011,12,4132786,1167335,92962,0,1928118,0,0,0,0,0,0,1413779,247060,15628,649419,123963,352543,268202,17941,0,21548,1299,105864
2012,01,3701452,928590,97368,0,1795139,0,0,0,0,0,0,1313729,227715,14246,644678,135153,317754,247881,16477,0,20306,467,101042
2012,02,3627776,978906,94800,0,1814837,0,0,0,0,0,0,1306834,227219,14336,595644,120334,310680,245261,15828,0,20220,673,96135
2012,03,4301364,1287269,97970,0,2098436,0,0,0,0,0,0,1502327,254799,15813,631961,102146,353202,270738,16940,0,21722,1285,112041
2012,04,4064116,1208484,97205,0,2087726,0,0,0,0,0,0,1490106,247923,15258,596356,104695,349240,269880,16992,0,20460,2879,107074
2012,05,4218266,1397120,107011,0,2241779,0,0,0,0,0,0,1577725,262014,16195,630367,134370,353841,277008,18127,0,21385,3458,109514
2012,06,3778853,1119838,88038,0,2114513,0,0,0,0,0,0,1526652,250410,15612,566487,101669,334328,265577,17652,0,19936,2674,103540
2012,07,3589714,1083776,92975,0,2084543,0,0,0,0,0,0,1502501,243000,14392,567446,125353,323297,260621,16443,0,24332,5677,114633
2012,08,3365799,955258,91357,0,2002951,0,0,0,0,0,0,1375948,229409,14343,557244,124100,346201,252076,15884,0,25254,973,110326
2012,09,3740937,1059107,79860,0,2222474,0,0,0,0,0,0,1490223,235714,14435,573855,101001,329610,255492,16050,0,20427,4273,108353
2012,10,4062813,1160948,93248,0,2465851,0,0,0,0,0,0,1585629,252121,16547,670236,131596,366648,278762,17781,0,21777,5276,111756
2012,11,4133118,1280048,78507,0,2552700,0,0,0,0,0,0,1595911,254481,16566,639249,103018,315482,269376,16985,0,22466,5824,104816
2012,12,4191713,1216060,93568,0,2747072,0,0,0,0,0,0,1461829,251595,17706,810019,144704,284497,262416,17538,0,20816,3142,103770
2013,01,3891027,972145,94673,0,2572330,0,0,0,0,0,0,1594300,260277,17216,648836,134468,301568,261048,16953,0,19840,890,102559
2013,02,3407886,1018243,92668,0,2291476,0,0,0,0,0,0,1378170,228615,14782,647287,134149,255625,228228,14004,0,17827,602,90977
2013,03,4315012,1413314,102395,0,2758553,0,0,0,0,0,0,1725662,275499,17646,699113,122424,316355,270400,16509,0,19260,1260,109953
2013,04,4168522,1306413,90386,0,2734439,0,0,0,0,0,0,1722410,271390,17346,615581,100399,310204,263192,15658,0,19754,4097,109221
2013,05,4311957,1452484,103563,0,2862333,0,0,0,0,0,0,1794197,275809,17216,686373,139558,315306,272522,15547,0,20176,6306,110300
2013,06,3736884,1133503,87080,0,2552604,0,0,0,0,0,0,1684623,258662,15609,595620,110345,288232,250256,13828,0,18323,1674,100804
2013,07,3656487,1083005,93051,0,2598893,0,0,0,0,0,0,1709827,261876,15269,603327,129757,278119,250454,13649,0,24148,1384,109907
2013,08,3423782,975242,91912,0,2449768,0,0,0,0,0,0,1672644,250628,14524,599835,131543,269329,241863,12796,0,20295,1948,102608
2013,09,3576866,1007287,78076,0,2523096,0,0,0,0,0,0,1589279,238384,13877,613114,109350,259592,233887,12171,0,17746,4872,101952
2013,10,3915870,1139218,85898,0,2818458,0,0,0,0,0,0,1805334,265330,16225,640268,124535,293566,258894,13803,0,20359,6635,110349
2013,11,3855912,1187031,70299,0,2923750,0,0,0,0,0,0,1709107,256300,15841,619520,96522,276383,248810,13763,0,20144,4154,104564
2013,12,3790519,1161497,83317,0,3096660,0,0,0,0,0,0,1738902,263653,16830,663307,128186,290443,254291,14317,0,20181,2826,103029
2014,01,3340919,888851,84682,0,2874387,0,0,0,0,0,0,1688655,251047,15883,608126,127810,281149,240438,12838,0,20131,533,99016
2014,02,3123573,971515,82284,0,2750180,0,0,0,0,0,0,1551483,231389,14269,584622,118037,257391,220625,11738,0,19763,421,95075
2014,03,3859900,1297942,82466,0,3258502,0,0,0,0,0,0,1839211,265188,16628,620471,101758,297373,253550,13123,0,20935,158,108932
2014,04,3681867,1214906,78101,0,3267320,0,0,0,0,0,0,1844816,262638,16406,558721,95933,301286,254098,12962,0,21272,2576,111266
2014,05,3697238,1330884,90086,0,3436135,0,0,0,0,0,0,1875480,266735,15382,610032,135020,303665,260349,12554,0,20622,2072,115666
2014,06,3203968,1046644,71309,0,3147581,0,0,0,0,0,0,1789587,252669,14549,505340,100807,286972,242914,11949,0,19179,2548,109275
2014,07,3122793,1011577,81203,0,3266905,0,0,0,0,0,0,1843779,261470,14542,512289,123871,288807,246412,11257,0,23665,1515,119329
2014,08,2909517,927616,84933,0,3126409,0,0,0,0,0,0,1743834,243353,13805,533960,130582,274040,235053,11029,0,21940,1897,108543
2014,09,3146541,996641,71454,0,3362417,0,0,0,0,0,0,1695862,243255,13911,530776,103825,291996,237648,11344,0,20148,3311,105033
2014,10,3294408,1082158,78425,0,3597279,0,0,0,0,0,0,1868012,261978,14934,544231,119712,322964,260599,12306,0,21309,3976,107330
2014,11,3180250,1055818,65638,0,3559110,0,0,0,0,0,0,1764002,247397,14814,514782,96186,292900,245338,11149,0,20144,2779,102409
2014,12,3212593,1086797,73042,0,3828818,0,0,0,0,0,0,1750469,256602,17073,561881,116555,309161,253944,12129,0,24635,1818,133937
2015,01,2867681,843378,77710,0,3552770,0,0,0,0,0,0,1773616,248995,16592,505912,121012,309481,248527,11805,0,21115,922,113129
2015,02,2449940,867905,71515,0,3126362,0,0,0,0,0,0,1513336,208051,14062,502850,112664,261679,217626,9600,0,18744,906,100439
2015,03,3230829,1207333,76125,1,3918957,0,0,0,0,0,0,1858299,252480,17560,521184,97744,330013,263248,11559,0,22463,1183,121902
2015,04,3190753,1157846,81818,942,4067658,0,0,0,0,0,0,1977564,265053,18928,534452,118541,361377,274778,12186,0,23396,2953,144635
2015,05,3624165,1421585,121808,0,4741298,0,0,0,0,0,0,2265141,289686,21103,774793,233456,460978,323551,13802,0,25291,3208,178587
2015,06,2946991,1056166,63769,0,3937766,0,0,0,0,0,0,1919950,260136,18170,466868,94710,345409,268555,11494,0,26358,798,156989
2015,07,3040232,1076530,92628,0,4282958,0,0,0,0,0,0,2213559,284471,20427,569957,162935,391053,292737,12135,0,29197,2198,162385
2015,08,3023023,1046535,103804,0,4248775,0,0,0,0,0,0,2200018,275575,19906,605347,182960,389721,290709,12048,0,26374,3608,152842
2015,09,3234066,1164796,93056,0,4595475,0,0,0,0,0,0,2175491,276562,20058,600768,156484,380539,291535,11573,0,25177,5996,153410
2015,10,3425349,1255663,101813,0,4902734,0,0,0,0,0,0,2396308,302792,22446,632888,166079,430564,316305,12430,0,26447,6386,152737
2015,11,3300577,1228422,84235,0,4787124,0,0,0,0,0,0,2236601,281295,21270,591305,129149,386070,296107,11534,0,25925,5297,140107
2015,12,3285483,1234372,95559,0,5014150,0,0,0,0,0,0,2331869,299910,22459,629951,154934,402318,305533,12441,0,27765,1860,143682
2016,01,2938772,975195,97429,0,4597216,0,0,0,0,0,0,2161594,278659,21152,565192,157372,370881,281766,11071,0,24692,1643,141918
2016,02,2711745,1044228,99745,0,4325164,0,0,0,0,0,0,1996981,256537,19734,582811,163075,343768,262822,9962,0,26671,548,130410
2016,03,3349369,1399150,100878,0,5139483,0,0,0,0,0,0,2480645,306672,23013,568668,130762,414371,306770,11668,0,29612,949,151513
2016,04,3182350,1290492,104882,0,5104874,0,0,0,0,0,0,2414311,296419,22773,575443,139018,405571,301658,11105,0,29317,2852,147533
2016,05,3292568,1426277,124884,0,5328225,0,0,0,0,0,0,2471767,304266,22619,628571,185348,418220,310346,11255,0,29819,4475,154224
2016,06,2996615,1180245,100026,0,5003484,0,0,0,0,0,0,2443022,297008,22866,545650,139770,401220,299458,10994,0,31104,3747,153364
2016,07,2806459,1073216,105349,0,4805985,0,0,0,0,0,0,2386789,289935,21516,533290,159545,382913,290965,10108,0,33703,1465,148053
2016,08,2693762,1003831,112559,0,4677479,0,0,0,0,0,0,2378450,288222,20487,514490,167917,380966,286373,9789,0,33042,3248,148672
2016,09,2810552,1087021,101511,0,4862494,0,0,0,0,0,0,2279928,278626,20611,524426,145605,372351,277284,10390,0,27536,3306,146507
2016,10,2992329,1185658,117629,0,5250781,0,0,0,0,0,0,2534347,305168,23185,556361,165642,421346,300025,10642,0,26071,4239,152791
2016,11,2988031,1197659,101367,0,5372314,0,0,0,0,0,0,2481642,303399,23312,523794,138437,404712,293535,10019,0,28175,5009,153718
2016,12,2999921,1230368,110261,0,5647940,0,0,0,0,0,0,2529240,314188,25311,564548,161231,421561,304089,10531,0,27428,1362,558286
2017,01,2606758,937429,114755,0,5037651,0,0,0,0,0,0,2300279,285960,22565,483706,169987,389755,280159,9698,0,23887,670,146880
2017,02,2482332,1010697,116291,0,4868911,0,0,0,0,0,0,2314309,282636,22977,442357,157273,387123,270049,9233,0,25090,1515,134302
2017,03,2959791,1324481,116930,21006,5625905,0,0,0,0,0,0,2717077,325937,26165,452734,138671,448465,306133,10266,0,28638,492,158607
2017,04,2821491,1201722,121049,0,5522914,0,0,0,0,0,0,2639427,313484,25143,450420,149858,440044,298973,10020,0,26994,2431,150797
2017,05,2880646,1345018,143132,0,5655500,0,0,0,0,0,0,2703719,316954,25026,490473,197780,453624,306854,9688,0,26857,4164,154850
2017,06,2620493,1089450,108507,0,5295663,0,0,0,0,0,0,2680356,314665,25416,394574,139960,440108,299173,9732,0,27679,2757,150792
2017,07,2454494,1007874,118062,0,5090641,0,0,0,0,0,0,2611283,307071,23555,393782,163743,425451,287414,9085,0,31076,2355,153900
2017,08,2408506,973941,132987,0,5074676,0,0,0,0,0,0,2634791,304910,23658,393394,183144,428151,291069,9126,0,32025,3062,157757
2017,09,2602718,1081426,127567,0,5566002,0,0,0,0,0,0,2760002,317583,24691,378117,157684,443235,296485,9297,0,27275,2994,155831
2017,10,2403731,1025500,127588,0,5198168,0,0,0,0,0,0,2478359,293657,23118,436159,175486,423064,279673,8341,0,23173,2804,146123
2017,11,2550194,1044582,111151,0,5671785,0,0,0,0,0,0,2670445,315811,25041,373804,139004,431157,289845,8651,0,27394,3849,274489
2017,12,2455663,1092623,119343,0,5653302,0,0,0,0,0,0,2568082,309230,25353,405798,151893,422849,286189,8779,0,26808,1317,272685
2018,01,2229028,851020,116432,0,5321702,0,0,0,0,0,0,2462796,297588,25081,348197,140568,401843,269939,8111,0,27231,527,155955
2018,02,1994937,868185,118988,0,4857172,0,0,0,0,0,0,2220722,268494,22030,359666,141270,358560,244038,6802,0,23433,727,138261
2018,03,2572167,1233949,135873,0,6150161,0,0,0,0,0,0,2807267,329907,28068,399828,140154,454211,296652,8539,0,27370,195,165463
2018,04,2416438,1085385,127138,0,5825810,0,0,0,0,0,0,2768597,322597,26724,352377,132482,444653,288619,7767,0,24813,1916,160380
2018,05,2496266,1236896,157803,0,6168814,0,0,0,0,0,0,2902083,337183,26649,396295,174766,462361,299601,8337,0,25246,2072,157788
2018,06,2235445,970238,133129,0,5582529,0,0,0,0,0,0,2774144,322336,25324,326861,143903,433834,282813,7657,0,23442,2758,185776
2018,07,2157483,912995,129567,0,5476433,0,0,0,0,0,0,2785576,327501,25083,325458,144742,425956,282023,7684,0,29023,1002,163303
2018,08,2057779,851967,132202,0,5323187,0,0,0,0,0,0,2753168,320296,25213,312748,151797,413419,274878,7309,0,28818,3100,147892
2018,09,2126614,908255,139352,0,5581655,0,0,0,0,0,0,2667355,307994,23828,333274,159402,407340,271489,7385,0,20675,2679,138049
2018,10,2266417,985006,147625,0,6008243,0,0,0,0,0,0,2963800,343574,27181,335537,156653,459589,296556,7964,0,22407,3439,147820
2018,11,2263609,983929,129153,0,6205850,0,0,0,0,0,0,2903963,337520,26632,320915,138209,441786,287760,8022,0,23903,3085,149657
2018,12,2195163,967326,138539,0,6141636,0,0,0,0,0,0,2784452,330517,27304,342318,158382,435313,284149,7782,0,22513,1236,194628
2019,01,2031931,786322,134859,0,5835163,0,0,0,0,0,0,2893527,334851,27088,297141,154144,439324,279513,7108,0,11959,893,194713
2019,02,1785769,741768,140322,0,5219543,0,0,0,0,0,0,2448798,288042,23397,304096,161124,381663,247102,6081,0,10941,1623,168374
2019,03,2205738,1059434,155714,0,6344728,0,0,0,0,0,0,3049368,350532,27736,316116,158470,463689,292929,7022,0,13434,814,196098
2019,04,2155765,961917,148040,0,6273614,0,0,0,0,0,0,3046381,351297,27886,282454,149792,462459,287962,6636,0,14481,2843,200102
2019,05,2244559,1097969,184823,0,6674180,0,0,0,0,0,0,3181410,366222,28949,320519,192108,489191,303521,6743,0,13161,4303,203853
2019,06,2012735,841901,153076,0,5953685,0,0,0,0,0,0,2976184,341732,27354,272306,163625,451555,278885,6101,0,12309,2908,186259
2019,07,2021802,839296,163948,0,6043155,0,0,0,0,0,0,3079546,356266,28034,277778,174061,461776,285681,6128,0,17376,1377,219676
2019,08,1905631,757521,159326,0,5738579,0,0,0,0,0,0,2960049,339926,26126,266863,175689,439997,274694,5701,0,16932,3606,214969
2019,09,1949387,778628,139017,0,5861175,0,0,15728,20258,0,15959,2811503,325711,25537,261769,133709,421843,262102,5228,0,14038,2157,236121
2019,10,2094911,848029,157608,0,6310152,0,0,36493,50478,0,31686,3185296,364313,29194,277986,133918,475478,290853,5865,0,15807,3692,251738
2019,11,2068087,819776,148566,0,6390865,0,0,46615,65007,0,37850,3085018,355045,27872,266525,120373,453039,285169,5665,0,14968,3344,298949
2019,12,2048413,830232,154748,0,6423605,0,0,55348,79345,0,42581,3110925,360089,29964,274805,128722,460188,286312,5503,0,14994,906,360751
2020,01,1818852,628677,141209,0,5757868,0,0,56764,73259,0,40777,2838536,332830,27121,252570,108875,414628,257232,5031,0,13241,959,244021
2020,02,1245658,379868,76584,0,3915567,0,0,44351,51203,0,29618,1822364,235591,17834,144873,49269,254810,180509,3067,0,12774,172,188740
2020,03,684633,101110,10489,0,2100885,0,0,25674,14786,0,16886,866223,142203,9044,68106,11419,126039,109017,1752,0,11946,0,167357
2020,04,932190,196063,27503,0,2990608,168,18,36925,31002,0,24708,1376323,196126,12931,103084,25473,203331,145255,2400,0,12203,0,168176
2020,05,1206267,329509,54413,0,3889582,2656,87,49320,52172,0,31593,2032286,252740,18195,149730,43774,291631,185257,3055,0,12216,0,189430
2020,06,1285890,449574,71972,0,4196195,8473,206,55782,76292,0,35043,2188469,267454,20262,150984,43604,306126,192923,3122,0,12656,0,190215
2020,07,1362960,505761,89211,0,4595352,14884,377,61906,90541,0,38620,2292803,277821,20838,158707,51031,319925,200820,3299,0,17314,0,205523
2020,08,1260751,451545,85293,0,4137703,18350,307,54710,80683,0,33202,2121387,255166,18958,154404,55490,290989,189250,3047,0,15472,0,188092
2020,09,1239759,429081,77220,0,4095145,22588,352,57534,82262,0,35564,2111432,255155,18148,135367,42039,282499,182660,2967,0,12539,0,187967
2020,10,1385099,522449,100514,0,4592129,31231,561,63830,99516,0,38926,2314758,279281,20899,171640,59637,329243,202791,3467,0,12211,0,178502
2020,11,1408011,512233,97021,0,4788798,33968,433,68012,102952,2137,41122,2360599,284290,21110,160679,53548,327181,203564,3540,0,11834,42,176873
2020,12,1243823,398404,70290,0,4160599,31189,365,61605,84115,3258,36811,2032051,257836,18733,129961,38799,280097,182190,3011,0,12417,0,167312
2021,01,1143616,338627,64148,0,3910490,32451,296,57630,71379,4027,33718,1832919,234626,16713,123586,40955,260589,166297,2895,0,12565,0,169918
2021,02,1131256,365678,76927,0,3908768,39611,550,56663,75657,5535,32973,1867964,231126,16140,139827,52380,261922,166893,2767,0,13200,0,155951
2021,03,1402251,602191,113277,0,4834287,74451,1687,74386,123089,9842,44134,2397598,286432,21035,157933,52060,340225,204784,3260,0,16722,28,179536
2021,04,1389167,549430,107162,0,4794422,72560,1695,72947,116207,11021,44030,2379453,285574,20985,144311,48962,335142,203465,3222,0,16365,755,172099
2021,05,1376526,556204,121358,0,4749526,75358,1713,71408,118296,11822,43143,2338472,280722,20080,158743,68382,331874,202308,3171,0,15400,0,169625
2021,06,1340331,492149,104361,0,4617816,64866,1548,74088,113476,11549,43193,2317420,279415,19672,133439,49922,324886,196410,3300,0,16115,64,173503
2021,07,1289655,445644,104807,0,4433236,57731,1323,69096,104412,10701,40560,2278639,273057,18987,134078,58314,315601,191828,3116,0,18211,0,184115
2021,08,1196128,385832,88492,0,4053520,52425,1062,62331,92488,9472,35541,2136033,253938,17795,120310,50448,292573,176998,2730,0,16719,48,178652
2021,09,1282133,442094,98803,0,4291318,61074,1398,67082,105664,11324,37919,2246718,262341,18548,129956,54543,312791,184554,2747,0,14027,0,177182
2021,10,1410659,492870,115155,0,4719514,69001,1388,73992,116678,12490,41470,2490639,287006,20738,148399,68429,361390,199781,3186,0,14932,83,195260
2021,11,1481945,488108,110409,0,5114277,67978,1208,79666,114684,12856,44979,2495082,291046,21266,148231,59807,365351,201632,3202,0,15153,42,256799
2021,12,1433192,526403,111730,0,4939583,76637,1057,78312,130268,13292,43562,2309407,284455,20830,141631,60416,339977,194958,2999,0,16052,0,247411
2022,01,1295077,388641,101733,0,4474794,65745,962,68847,98450,12856,38109,2270713,272401,18955,131350,64042,331814,181480,2700,0,15365,0,181582
2022,02,1091872,316220,84011,0,3732013,58280,1047,58047,80101,11179,31683,1869974,231236,16183,109583,50075,272800,155958,2238,0,14221,0,152299
2022,03,1337320,537740,118418,0,4620214,115191,2170,77266,126663,14093,41264,2254906,269619,18927,125275,50981,333966,180435,2789,0,16391,0,170410
2022,04,1425840,524085,130228,0,4961011,113116,2917,83851,130011,16726,45224,2448713,286209,21066,138758,67445,373404,193292,3047,0,16325,513,172258
2022,05,1559110,612500,163699,0,5489715,131309,3641,90293,145509,19246,49699,2719734,309887,23205,175615,95283,421147,212705,3410,0,16728,1114,195750
2022,06,1440572,467428,132123,0,4994811,98291,2798,83109,124225,17425,46589,2663181,301982,23469,143703,70184,418091,205405,3513,0,15882,1144,188227
2022,07,1443681,449116,143821,0,4925355,92513,3030,79033,120503,18154,44913,2646200,303921,23416,151745,85954,409229,205968,3535,0,20234,1918,202199
2022,08,1352167,396847,129444,0,4589904,82005,2208,71876,108045,17730,41129,2539033,291706,22464,135543,81496,387763,194396,3237,0,19346,480,187624
2022,09,1464225,454880,134089,0,5027136,96556,2298,79179,120097,18000,44837,2562805,292309,22123,145824,77471,403864,197570,3143,0,15264,558,179953
2022,10,1538439,482788,154382,0,5252438,101198,2365,83347,130079,19780,46238,2793944,308711,24643,158831,89057,453916,212947,3497,0,15576,2345,182056
2022,11,1538703,456331,135478,0,5334548,91827,1838,84392,125952,17352,47779,2743343,302303,25089,142496,68751,438964,209536,3575,0,15321,1214,177928
2022,12,1543266,490837,151498,0,5336197,99371,1930,84138,137297,18549,47663,2651603,300954,25571,151533,77654,437941,206461,3265,0,15759,724,178559
2023,01,1387925,376085,139191,0,4732639,79926,1760,73601,102813,19146,42117,2436006,278370,23010,138095,77880,397895,190084,3031,0,14129,343,174802
2023,02,1374180,387722,151722,0,4711616,89544,1905,77163,104539,20942,43056,2584629,289062,24936,130753,76430,422906,193931,2920,0,14316,578,163893
2023,03,1627465,572744,184449,0,5599169,141670,3487,93320,149723,24198,51229,2991408,332154,32082,140250,65213,490389,221230,2906,0,16008,242,180528
2023,04,1577064,493109,172982,0,5336612,122651,3303,88771,137238,23259,48890,2854896,317167,31200,134505,65863,470469,212929,2489,0,15146,855,171494
2023,05,1624903,554243,208311,0,5534483,140270,3854,92880,150450,24889,49354,2904666,323584,31996,146419,80078,482004,215558,2315,0,14532,1686,175859
2023,06,1540588,430400,183541,0,5136007,109142,3036,88307,131720,23436,46732,2820175,317855,31843,128310,66700,474440,207790,2127,0,15066,1267,175396
2023,07,1491532,396537,201605,0,4847185,101303,3219,84345,124672,23976,44402,2774398,269667,27599,130998,76986,385539,193346,1846,0,17555,518,177923
2023,08,1456895,360617,205969,0,4713684,94779,2551,80841,119348,24536,42421,2721237,265035,26771,122088,74526,373168,191150,1861,0,17061,784,172909
2023,09,1545018,390389,211457,0,5074930,103295,2922,86168,129137,24247,44633,2733749,265354,26399,129854,73936,375797,188443,1856,0,14488,979,172084
2023,10,1625378,405561,246261,0,5274267,108441,2734,92195,137046,26039,48485,2958609,283361,29545,139474,78789,425259,202647,1896,0,15336,788,200301
2023,11,1621503,391874,239327,0,5361504,109907,2317,93361,138607,23436,49272,2870172,279692,29111,123866,58788,407704,195607,1747,0,15105,1058,235135
2023,12,1607916,400597,276519,0,5291600,123829,2221,92897,144454,24961,48390,2797819,276791,29225,137892,76439,415378,195351,1739,0,15228,804,220014
2024,01,1514536,300150,250620,0,4944046,103828,2199,91367,113731,25088,46166,2856692,274560,28656,114886,70001,374743,198792,1948,0,15174,419,182829
2024,02,1405405,287973,266526,0,4593239,108672,2841,83498,109122,25478,42670,2598434,251205,26271,110530,74850,350004,181426,2107,0,14316,714,159982
2024,03,1625002,412716,345201,0,5414076,176505,4597,98467,159735,29685,51001,3354974,336796,33740,116519,69237,463004,229352,2774,0,15120,323,171754
2024,04,1621802,364808,312883,0,5352396,160642,5007,100197,150732,29370,51204,3047526,288177,29513,112092,63103,410374,204911,2477,0,15715,2144,170107
2024,05,1695299,408354,396406,0,5604307,186731,5478,103543,169064,32630,53683,3121955,296004,29565,125655,83221,417033,211820,2704,0,15569,1945,177718
2024,06,1544042,299407,316357,0,4998521,139240,4170,92020,141039,28721,46851,2908332,273871,27735,105668,65091,383395,195235,2581,0,15384,1171,168323
2024,07,1576874,300934,363297,0,5033627,139535,4131,93011,145578,28849,45888,2964721,282128,28851,108780,71331,381249,196554,2533,0,17890,322,187322
2024,08,1483826,266840,345802,0,4697670,126839,3634,84117,130856,28686,43124,2819903,266945,26962,100520,74648,351574,188699,2402,0,16413,424,167841
2024,09,1518816,273547,330673,0,4882271,131649,3590,85413,130890,26968,44283,2728809,260466,26040,100557,65692,347703,183981,2300,0,14766,877,159208
2024,10,1632081,289191,373498,0,5248364,140377,3673,94849,143458,28706,49532,3029284,284666,29513,107982,64868,398746,200738,2688,0,16432,932,184832
2024,11,1641502,289240,366498,0,5333139,142663,3368,95398,147149,28143,49126,2929103,280867,29149,100349,57021,382263,198451,2594,0,16555,1139,191367
2024,12,1701144,287064,382018,0,5353711,161474,3112,96969,159485,29240,49817,2881348,348223,31592,105956,64397,402357,202119,2778,0,16687,545,549208
2025,01,1531753,203289,293036,0,4707285,125184,2869,84552,115512,27241,43102,2616033,254741,27560,92657,64543,351008,183362,2436,0,14383,0,200137
2025,02,1542566,208806,316256,0,4729742,141070,3446,88292,119081,29232,45938,2599653,254095,28464,89794,60083,343228,184060,2278,0,15072,7226,183595
2025,03,1803907,294028,392739,0,5532322,225810,5245,103979,167714,33721,52545,3003065,283483,31512,97760,58393,384461,204677,2506,0,15733,1192,196787
2025,04,1823668,271383,355260,0,5570629,207629,5150,106299,161916,31799,53449,3032595,285191,31234,88231,50726,381315,205223,2480,0,16565,584,205124
2025,05,1817124,297678,447397,0,5675264,229785,6226,105295,174517,34660,53390,3010049,280846,30416,98992,70610,378414,205724,2962,0,16281,218,204638
2025,06,1668332,232421,343137,0,5090800,172852,5028,97075,150559,30361,48729,2882855,267438,28589,82996,53949,352631,194003,2628,0,16474,1728,190637
2025,07,1700679,245375,387102,0,5018053,172431,5080,97257,155102,30389,48082,2988328,275519,28685,80700,55305,321854,192262,2459,0,18690,545,197425
2025,08,1697599,233555,370907,0,4749935,159715,4395,89761,144506,30953,43226,2906035,262173,27844,77043,59284,306938,187303,2445,0,24088,563,194196
2025,09,1889846,248183,343460,0,5336098,174272,4095,100350,157574,29306,48763,3022124,276780,28971,74158,47789,315392,191460,2664,0,25542,1275,195553
2025,10,1864267,244845,366745,0,5102760,166753,3506,91961,147562,27842,44444,2821503,259164,26668,85330,57565,307188,188606,2649,0,23894,942,248908
2025,11,1950251,249389,345040,0,5259649,170250,3137,97617,156819,27628,46637,2931240,269996,28394,76259,43671,316654,193090,2617,0,22959,568,381161
2025,12,2003991,278983,396614,0,5354721,195431,3395,101272,174439,29100,48944,2956899,279336,29719,80245,50015,329187,197507,2895,0,29826,1059,637857
2026,01,1827050,210340,340434,0,4829539,157608,3213,93594,132922,25724,44153,2767534,258733,27235,70260,48358,288655,183941,2357,0,30458,122,177686
2026,02,1718245,202323,344605,0,4481152,163370,3452,84996,125695,25708,40622,2517464,230890,24477,72104,55019,254844,167723,2188,0,26532,167,152865
