법정동시도코드,시도명,법정동시군구코드,시군구명,시간코드,전체_카드,교통,백화점,소형유통,숙박,스포츠외,여행,요식,의료,주유,주차장,편의점,할인점외
41,경기,281,고양시 덕양구,51,29554,8255,3771,13045,1269,4797,495,33636,1787,7532,3162,14106,13326
46,전남,790,화순군,52,1168,338,115,496,39,143,9,1122,60,307,104,454,417
11,서울,680,강남구,51,25294,9415,4731,9066,1793,5008,436,29240,1445,5064,2782,12480,10499
41,경기,820,가평군,55,1067,435,132,415,45,160,6,1062,35,288,67,458,328
43,충북,130,충주시,55,1701,789,170,681,85,251,7,1866,57,517,149,887,760
47,경북,280,문경시,53,980,283,96,361,29,101,7,893,45,253,39,389,419
11,서울,650,서초구,55,10171,3802,1992,3617,751,2119,191,11956,598,2199,1307,5037,4273
26,부산,140,서구,51,4713,2055,794,1476,193,561,124,4571,294,909,426,1999,1956
30,대전,200,유성구,51,39118,13593,7272,14120,1824,5267,454,35273,1581,9815,3587,14435,15547
31,울산,170,동구,52,8180,2669,1430,2885,609,924,448,8045,361,2127,478,3724,3782
42,강원,110,춘천시,55,16083,7894,1473,6976,767,2820,180,18847,791,4446,1166,8302,7752
46,전남,770,고흥군,51,660,172,53,306,28,63,0,565,44,193,37,223,236
44,충남,270,당진시,53,3770,1154,378,1627,165,619,36,3761,150,1335,336,1797,1597
11,서울,260,중랑구,51,17145,5232,2417,7151,744,2601,204,19948,876,2984,1346,8774,8237
47,경북,113,포항시 북구,53,22796,6901,2519,8269,890,2894,207,21585,1294,6746,1431,8823,10100
31,울산,170,동구,54,8479,2956,1533,3043,659,995,477,8559,394,2252,558,3932,3934
11,서울,620,관악구,51,43503,16020,6526,17269,1840,6699,654,53136,1893,6093,2888,23552,20857
48,경남,870,함양군,52,271,71,34,101,0,12,0,258,8,93,18,100,112
43,충북,740,영동군,51,2503,863,200,948,74,222,12,1990,135,682,117,852,791
29,광주,155,남구,54,10595,3951,1407,4070,459,1690,119,10302,522,2987,1121,3999,4597
47,경북,900,예천군,53,1187,300,118,504,53,140,0,1139,55,382,83,524,515
41,경기,450,하남시,54,9480,2982,1553,3674,481,1689,87,10487,477,2292,1116,4476,4005
44,충남,810,예산군,55,1075,385,140,467,27,145,6,1076,31,330,68,520,435
46,전남,790,화순군,55,266,76,29,118,0,8,0,258,11,76,27,103,90
26,부산,440,강서구,54,5395,1614,622,1798,248,686,191,4981,239,1451,600,2160,2393
41,경기,290,과천시,51,5440,1463,775,1969,314,934,79,6040,301,1351,618,2341,2532
26,부산,440,강서구,53,6928,1937,744,2311,306,903,242,6284,304,1894,768,2708,3093
31,울산,110,중구,51,11654,3749,1482,4089,540,1534,676,11349,656,3317,987,4938,5211
42,강원,810,인제군,54,443,134,42,201,28,67,0,483,16,131,31,195,158
11,서울,350,노원구,55,9774,3117,1577,4180,459,1649,119,11575,468,1943,864,5137,4552
42,강원,720,홍천군,53,1301,535,138,613,84,216,16,1461,63,404,97,657,519
28,인천,237,부평구,51,16492,5264,2115,6177,697,2315,288,17331,737,3166,1519,7426,7390
26,부산,410,금정구,51,9022,3233,1171,2877,432,1124,268,8673,416,1941,842,3604,3992
48,경남,880,거창군,51,508,180,77,213,13,59,6,491,23,145,42,235,196
42,강원,150,강릉시,51,18604,6614,1137,8173,1106,2692,330,18618,1325,5547,1906,8231,7686
47,경북,111,포항시 남구,51,9769,2913,1007,3520,500,1369,111,9541,660,3119,674,3790,4522
26,부산,710,기장군,54,7254,2144,1072,2404,342,1035,185,6890,438,2156,1008,2903,3331
44,충남,825,태안군,53,836,254,91,362,43,95,0,814,27,245,63,375,321
11,서울,380,은평구,55,12514,4515,1875,5387,576,1829,216,14715,607,2436,1031,6568,5759
11,서울,170,용산구,52,29265,10760,5988,11610,1872,4953,441,35130,1588,4786,2871,14663,12635
43,충북,750,진천군,51,1278,428,153,506,57,190,8,1329,41,456,122,617,566
42,강원,770,정선군,55,599,248,50,254,49,62,0,584,30,193,37,325,244
48,경남,127,창원시 마산회원구,54,5877,1956,821,2116,199,747,91,5756,309,1619,500,2515,2670
45,전북,190,남원시,51,2175,724,155,891,66,196,11,1806,80,555,100,812,813
41,경기,500,이천시,53,3137,1202,503,1296,175,493,32,3536,86,807,355,1707,1367
41,경기,285,고양시 일산동구,53,30270,8439,4610,12056,1491,5222,658,34120,1997,7457,3149,14669,13769
45,전북,710,완주군,55,820,246,80,351,23,112,8,860,25,255,60,351,372
42,강원,720,홍천군,52,896,352,82,408,45,136,8,975,47,272,70,425,350
11,서울,320,도봉구,53,27157,7276,3873,11557,1113,3794,353,31879,1586,4647,1853,13332,13278
41,경기,287,고양시 일산서구,51,18486,4706,3188,7577,862,3242,328,20985,1210,4741,1832,8690,8577
26,부산,290,남구,54,15298,6007,2614,4709,742,1978,335,14235,853,3227,1603,6006,6344
11,서울,470,양천구,51,35389,10167,6631,14686,1730,6333,694,41990,2199,7143,3238,17016,16891
45,전북,710,완주군,53,3069,828,275,1329,116,411,31,2949,111,974,264,1214,1359
11,서울,305,강북구,52,18753,5489,3075,7796,762,2760,245,22074,893,2928,1249,9526,8724
48,경남,129,창원시 진해구,53,10138,2867,1200,3881,477,1570,198,10234,643,3436,955,4485,4618
45,전북,740,장수군,54,238,68,20,102,0,18,0,224,14,81,8,95,95
42,강원,130,원주시,54,23184,8986,3101,9691,1070,3563,239,25071,1074,6846,2390,10709,10651
45,전북,740,장수군,55,80,6,0,26,0,0,0,63,0,21,0,39,25
11,서울,500,강서구,51,47614,15434,7930,20151,2371,7753,1172,57314,2588,9160,4212,24493,23030
41,경기,550,안성시,52,5419,1657,575,2345,179,726,36,5210,286,1569,416,2552,2374
31,울산,710,울주군,53,17210,5187,2088,6517,669,2165,810,16319,885,5606,1403,7252,7526
41,경기,463,용인시 기흥구,55,5306,1838,990,2137,271,1000,67,5859,221,1468,644,2594,2318
45,전북,770,순창군,51,296,89,30,126,0,20,0,241,10,93,19,102,115
27,대구,260,수성구,55,18182,6791,3690,6279,922,2963,186,18332,704,4741,1455,7507,7691
42,강원,760,평창군,53,2682,765,198,1163,142,298,20,2395,156,807,194,1089,997
27,대구,260,수성구,54,44250,14571,8706,15125,2039,6435,439,43197,1750,10939,3095,17142,18590
42,강원,770,정선군,52,1492,538,120,611,122,177,11,1376,77,429,78,738,567
28,인천,260,서구,52,22876,7037,2840,8518,1001,3354,471,23438,1112,4975,2486,10138,10097
43,충북,760,괴산군,52,316,102,35,136,0,29,0,336,11,84,29,138,133
43,충북,770,음성군,54,1635,578,170,620,73,234,9,1602,44,459,132,792,648
41,경기,290,과천시,55,1971,615,294,736,92,316,36,2266,104,503,250,880,900
46,전남,860,함평군,55,136,24,0,61,0,0,0,86,0,30,0,35,44
46,전남,720,곡성군,52,653,217,52,290,18,60,0,501,19,207,44,215,220
43,충북,150,제천시,53,8769,3174,708,3343,303,1098,61,8688,514,2181,455,3986,3940
46,전남,870,영광군,55,220,87,24,85,15,24,0,216,7,61,27,105,91
45,전북,800,부안군,51,524,180,41,213,17,37,0,432,26,151,31,186,214
28,인천,260,서구,51,17878,5451,2199,6563,807,2723,388,18266,865,3966,1962,7978,7957
26,부산,110,중구,53,2885,1414,507,1000,107,274,57,2829,128,495,204,1263,1201
46,전남,110,목포시,55,4793,1985,585,2063,198,581,30,4758,255,1294,230,2030,2085
42,강원,830,양양군,55,125,6,0,37,6,7,0,132,0,49,0,69,31
46,전남,130,여수시,52,14343,5678,1427,6111,678,2266,245,13784,871,4328,1585,5909,6036
41,경기,117,수원시 영통구,51,23528,7489,4316,9186,1048,4015,240,25630,1053,5884,2573,10444,10469
47,경북,720,군위군,52,255,54,25,101,0,9,0,214,9,75,18,82,119
45,전북,730,무주군,55,154,31,18,66,0,0,0,126,6,44,0,59,42
42,강원,800,양구군,53,703,221,61,289,17,123,6,743,36,200,45,335,282
45,전북,720,진안군,54,206,59,12,86,0,7,0,208,0,69,21,84,84
42,강원,230,삼척시,54,1675,704,136,686,116,208,22,1743,104,474,156,806,774
41,경기,190,부천시,54,44560,13501,7204,17495,1899,6941,747,49509,2188,8990,3831,21528,21652
50,제주,110,제주시,52,4660,1850,420,1923,360,765,411,5092,203,1200,524,2301,2105
11,서울,170,용산구,54,31031,11718,6264,12281,1924,5274,463,37497,1636,5091,3051,15880,13354
26,부산,290,남구,55,5430,2366,913,1681,279,761,142,5152,297,1202,607,2198,2299
48,경남,220,통영시,55,252,105,42,104,7,37,0,297,13,74,24,123,107
11,서울,740,강동구,55,5305,1995,1028,2233,281,1005,71,6385,239,1020,574,2730,2433
43,충북,114,청주시 청원구,51,9074,3689,1263,3555,383,1572,99,9592,360,2836,923,4223,4197
42,강원,230,삼척시,53,2442,984,206,1032,149,293,39,2513,147,701,224,1183,1128
47,경북,820,청도군,51,1565,515,167,560,64,142,9,1226,84,463,100,543,693
28,인천,177,미추홀구,55,2954,1214,412,1019,118,438,41,3112,98,634,323,1428,1283
48,경남,270,밀양시,54,6912,2255,672,1976,184,624,47,5317,359,1756,324,2272,3063
48,경남,121,창원시 의창구,52,8339,2691,1144,3028,351,1141,169,8233,538,2415,783,3420,3775
41,경기,820,가평군,51,1938,705,213,802,81,270,11,1891,91,514,112,833,619
47,경북,290,경산시,51,16397,5081,2129,5624,597,2003,141,15180,675,4504,1065,6592,7361
11,서울,380,은평구,51,32699,9787,4871,13997,1446,4639,521,38148,1633,5951,2518,16349,15517
11,서울,380,은평구,53,53795,15940,8010,23048,2278,7439,811,62735,2694,9498,4030,27017,25360
47,경북,830,고령군,54,419,110,38,125,7,13,0,327,11,109,26,150,151
30,대전,110,동구,52,16134,5908,1857,6173,559,1849,100,13972,608,3492,1160,6316,6672
41,경기,800,연천군,55,176,39,16,84,8,22,0,210,0,57,8,94,79
43,충북,112,청주시 서원구,51,7255,3112,1014,3142,303,1159,54,7957,400,2000,758,3303,3409
31,울산,110,중구,53,17411,5678,2227,6158,812,2276,973,16884,936,4832,1417,7465,7765
41,경기,250,동두천시,52,1452,355,166,603,52,178,8,1510,70,318,92,699,628
41,경기,271,안산시 상록구,52,12814,4209,1618,4876,526,1886,131,13936,583,3113,1171,6290,6029
11,서울,560,영등포구,55,19411,7731,3754,7437,1091,3327,394,23040,891,3351,1830,10130,8490
44,충남,800,홍성군,51,5447,1675,443,2156,169,661,23,4720,238,1517,216,2124,2174
45,전북,210,김제시,51,1821,551,128,653,46,223,10,1601,77,501,128,651,769
43,충북,750,진천군,55,595,231,80,210,19,87,0,618,14,208,52,303,248
43,충북,770,음성군,52,1561,542,181,586,64,228,9,1497,46,445,129,742,610
45,전북,770,순창군,53,433,120,34,184,6,37,0,345,16,126,28,135,166
28,인천,110,중구,54,7138,2469,1104,2569,396,1044,207,7694,306,1800,777,3398,2942
41,경기,150,의정부시,54,14221,4298,2570,5667,645,2318,212,16209,603,2949,1472,7374,6412
11,서울,590,동작구,54,44821,14945,7618,18957,2194,7349,668,54121,2271,7413,3698,22911,20583
42,강원,800,양구군,52,542,174,41,214,7,82,7,569,16,143,29,263,207
43,충북,114,청주시 청원구,52,11616,4420,1613,4588,494,2048,135,12206,448,3528,1144,5315,5344
27,대구,710,달성군,52,11463,3289,1538,4116,409,1197,85,10807,388,3195,867,4625,4907
46,전남,130,여수시,54,16847,6680,1694,7175,776,2803,280,16533,1026,5131,1905,7151,7156
48,경남,123,창원시 성산구,55,4843,1968,861,1799,249,777,111,5218,324,1415,449,2171,2085
46,전남,870,영광군,52,716,222,77,270,29,93,0,677,28,214,58,297,285
26,부산,470,연제구,55,3907,1751,678,1280,206,578,104,3829,172,822,425,1714,1861
43,충북,730,옥천군,52,1955,619,161,712,56,189,6,1542,108,488,151,680,723
42,강원,810,인제군,51,287,72,24,138,18,28,0,298,13,93,25,116,106
42,강원,780,철원군,55,155,21,18,57,0,13,0,140,0,45,8,78,46
11,서울,620,관악구,52,53836,20058,8171,21266,2128,8232,828,65961,2307,7262,3484,29183,25771
46,전남,880,장성군,54,912,287,69,382,33,96,0,782,22,272,74,307,311
47,경북,150,김천시,52,14578,5204,1265,5661,436,1564,84,12818,832,4101,904,5598,5959
43,충북,800,단양군,53,952,247,81,289,38,75,7,713,38,261,29,368,303
48,경남,730,함안군,51,811,187,93,296,14,76,0,719,33,256,57,325,320
47,경북,820,청도군,54,1731,544,194,626,64,161,8,1427,91,510,114,633,786
43,충북,760,괴산군,51,221,48,26,101,0,23,0,244,0,69,10,98,107
42,강원,210,속초시,51,739,285,81,327,40,133,8,876,36,168,76,398,363
45,전북,130,군산시,52,7412,2973,1203,2979,335,1041,69,7128,314,2031,512,3130,3148
43,충북,111,청주시 상당구,52,7422,2856,891,3037,329,1144,83,7803,394,2163,764,3309,3233
28,인천,720,옹진군,54,264,83,30,99,21,23,0,265,8,77,23,156,107
42,강원,720,홍천군,54,986,403,102,473,64,173,11,1154,53,317,75,496,389
30,대전,140,중구,51,17727,6544,2683,6185,600,2107,141,15354,712,3901,1285,6708,7302
42,강원,150,강릉시,54,20909,7787,1357,9118,1239,3109,385,21227,1440,6188,2174,9554,8613
43,충북,720,보은군,55,120,0,7,48,0,0,0,87,0,43,0,48,41
45,전북,210,김제시,54,2049,691,157,727,61,260,17,1771,81,540,138,741,845
27,대구,260,수성구,53,51289,16474,9889,17584,2363,7477,479,49770,2096,12915,3590,19747,21623
45,전북,111,전주시 완산구,53,18935,7052,2061,7140,752,2931,195,18704,872,5186,1782,7594,8333
48,경남,850,하동군,53,631,180,50,268,23,63,0,517,21,212,38,260,255
43,충북,740,영동군,52,2811,944,225,1064,82,254,12,2211,152,762,124,958,889
30,대전,230,대덕구,53,15672,5320,2152,5646,497,1877,112,13802,645,3879,1228,6202,6292
28,인천,237,부평구,52,20542,6667,2675,7782,863,2838,329,21421,899,3907,1799,9246,9177
46,전남,810,강진군,53,781,152,78,345,26,57,0,629,34,233,34,249,215
44,충남,270,당진시,54,2627,900,285,1154,121,417,19,2699,104,917,246,1294,1140
41,경기,370,오산시,51,7205,2246,966,2705,261,1111,61,7471,294,2069,703,3428,3233
47,경북,230,영천시,52,3903,1086,415,1308,118,310,17,3387,139,1138,217,1437,1698
41,경기,610,광주시,55,1323,380,201,484,57,235,14,1482,58,390,190,674,550
27,대구,140,동구,52,25686,8572,4706,8872,972,2984,281,24488,979,6442,1634,10346,11358
11,서울,260,중랑구,54,22800,7324,3348,9582,1014,3348,259,26645,1037,3807,1661,11791,10713
47,경북,170,안동시,54,3451,1392,406,1411,148,396,18,3731,194,910,244,1687,1593
41,경기,465,용인시 수지구,51,13783,3745,3059,5650,699,2511,194,15447,651,3530,1529,6344,6277
36,세종,110,세종시,51,47747,15034,6179,18294,2180,6968,484,45432,2088,13192,4715,17786,20502
41,경기,271,안산시 상록구,51,11088,3579,1436,4291,495,1694,129,12206,502,2764,1077,5489,5272
28,인천,245,계양구,55,2678,945,351,1052,109,396,48,2977,112,557,278,1346,1223
41,경기,135,성남시 분당구,55,5708,2218,1185,2342,311,1162,82,6937,285,1306,624,2916,2478
41,경기,210,광명시,55,10919,3611,1633,4193,536,1560,121,11919,554,2493,1213,4945,5080
48,경남,240,사천시,52,980,319,138,406,46,115,20,954,31,297,85,428,414
11,서울,230,동대문구,51,24750,8163,4125,9903,1124,3861,332,29279,1329,4090,1924,12692,11298
42,강원,720,홍천군,55,345,132,28,162,16,61,0,396,9,108,23,173,140
28,인천,200,남동구,51,14719,4714,2038,5574,662,2302,218,15265,601,3386,1780,6706,6689
45,전북,710,완주군,51,1929,512,176,823,70,252,21,1857,81,638,174,766,866
31,울산,110,중구,52,13526,4479,1755,4821,641,1741,762,13262,714,3749,1095,5780,6024
41,경기,290,과천시,53,8866,2415,1357,3234,515,1559,129,10047,504,2130,979,3875,4117
48,경남,860,산청군,52,155,28,17,55,6,8,0,158,9,52,8,70,70
26,부산,470,연제구,54,11917,4765,2070,3761,508,1678,323,11348,563,2300,1157,4883,5663
44,충남,710,금산군,53,1168,388,101,430,31,73,0,958,39,291,99,413,440
11,서울,260,중랑구,52,21884,6651,3159,9275,949,3176,244,25466,1040,3604,1611,11112,10301
11,서울,500,강서구,55,19399,7310,3382,8107,976,3281,552,23559,938,3735,1804,10501,9071
42,강원,810,인제군,52,450,140,31,211,31,66,0,506,14,152,29,211,173
46,전남,800,장흥군,52,597,147,57,230,22,67,0,516,32,174,39,242,219
48,경남,860,산청군,55,46,0,0,16,0,0,0,25,0,7,0,20,16
11,서울,410,서대문구,53,46880,15131,7241,18836,2381,7397,782,55764,2494,8023,4013,23576,20553
26,부산,320,북구,51,13998,4682,1551,4710,532,1606,404,12900,854,3129,1328,5363,6262
27,대구,140,동구,55,10738,4176,2056,3715,475,1289,133,10572,384,2682,748,4687,4729
47,경북,850,칠곡군,51,5977,1898,588,2245,176,645,40,5316,292,1788,397,2439,2304
46,전남,730,구례군,53,721,203,50,321,24,60,6,645,27,237,33,258,263
31,울산,200,북구,54,14357,4298,1792,5142,653,1780,767,13319,746,4209,976,5894,6337
48,경남,820,고성군,51,206,52,17,81,0,13,0,176,0,58,13,85,84
31,울산,170,동구,53,10888,3546,1849,3856,827,1235,606,10622,534,2977,659,4965,5052
50,제주,110,제주시,53,6411,2530,584,2661,481,1049,531,7062,282,1645,705,3206,2876
27,대구,710,달성군,53,13978,3933,1869,5062,492,1503,92,13202,482,3988,1058,5758,6020
48,경남,240,사천시,53,1396,456,178,570,60,182,28,1367,40,418,112,596,597
31,울산,140,남구,55,8729,3281,1323,3232,469,1310,641,8884,457,2564,766,3953,3831
48,경남,240,사천시,51,750,248,99,329,27,91,12,760,23,224,64,328,339
11,서울,470,양천구,52,42988,12390,8202,17738,2088,7583,855,51017,2620,8216,3859,20553,20426
47,경북,130,경주시,52,14362,5037,1465,5005,706,1595,177,13526,847,4192,1594,5538,6455
29,광주,170,북구,51,13406,4899,1597,5242,580,1999,139,12954,627,3706,1233,5049,6054
42,강원,720,홍천군,51,670,242,71,310,32,92,7,727,34,208,46,312,261
45,전북,140,익산시,55,7947,3827,748,2921,268,1037,68,7373,310,1850,628,3285,3456
45,전북,190,남원시,55,1083,435,79,441,33,108,0,964,40,299,60,459,414
26,부산,230,부산진구,55,7222,3272,1355,2176,310,979,200,6990,343,1438,671,3177,3046
43,충북,745,증평군,55,470,241,62,227,17,106,0,576,15,180,40,268,213
11,서울,140,중구,51,11368,3967,2087,4407,629,1915,151,13615,606,1722,1026,5719,5135
41,경기,111,수원시 장안구,52,19642,6106,3525,7750,750,2964,216,20778,807,4518,2033,8496,9051
47,경북,840,성주군,54,786,218,72,304,20,54,0,721,21,211,57,295,291
11,서울,215,광진구,53,32054,11826,5754,12810,1542,5514,492,39902,1339,4550,2402,17449,14981
29,광주,155,남구,52,10766,3855,1434,4074,476,1691,116,10207,514,2939,1097,3909,4674
42,강원,820,고성군,52,211,45,19,93,7,35,0,217,7,57,15,108,85
44,충남,825,태안군,54,601,203,71,272,29,72,0,616,21,181,35,276,242
48,경남,123,창원시 성산구,52,17451,5971,3002,6662,752,2655,386,18059,1290,5311,1622,7282,7775
45,전북,113,전주시 덕진구,55,5666,2488,581,2154,237,802,56,5692,268,1453,581,2378,2361
26,부산,110,중구,51,2001,979,363,697,67,197,50,1979,99,351,168,880,837
44,충남,710,금산군,55,401,164,30,145,12,7,0,349,10,73,32,152,152
30,대전,170,서구,55,26337,11002,4820,9542,1113,3539,255,25012,902,6016,2355,11099,10699
11,서울,545,금천구,51,17319,5740,2110,6850,701,2242,219,19653,771,3058,1361,8778,8489
30,대전,110,동구,51,13447,4964,1564,5163,483,1576,81,11756,515,3033,1003,5244,5602
45,전북,730,무주군,51,366,120,37,170,0,39,0,316,12,108,22,146,130
45,전북,180,정읍시,53,4810,1651,324,1897,131,475,21,4018,214,1226,222,1584,1813
26,부산,470,연제구,51,10371,3836,1663,3206,451,1408,237,9477,486,2012,1014,3976,4880
41,경기,670,여주시,51,697,212,63,254,34,96,8,679,22,203,75,312,274
46,전남,170,나주시,54,7207,1877,695,3376,312,1071,68,7472,245,2315,530,2749,2942
48,경남,730,함안군,55,266,66,35,107,6,23,0,268,11,87,23,124,118
48,경남,730,함안군,52,895,252,109,332,28,88,6,810,37,297,77,376,367
26,부산,500,수영구,53,14135,5888,2635,4371,628,1850,365,13354,758,2754,1346,5838,5982
48,경남,125,창원시 마산합포구,54,5406,1791,797,1887,205,607,76,5247,307,1423,518,2205,2368
48,경남,870,함양군,53,363,101,48,149,15,22,0,375,13,116,25,158,161
11,서울,200,성동구,53,39266,13186,6661,15303,2209,6929,566,47647,1979,6472,3510,19367,18021
44,충남,200,아산시,54,28957,10991,2884,11612,1062,3866,217,27328,1061,8247,2624,12656,11800
27,대구,170,서구,54,6684,2419,942,2402,240,703,46,6511,235,1556,465,3019,3110
47,경북,840,성주군,51,657,176,63,263,19,48,0,584,23,175,48,243,262
30,대전,200,유성구,52,50355,17335,9435,18141,2343,6647,552,45173,1912,12442,4568,18519,19809
46,전남,840,무안군,52,4388,1251,695,1868,190,572,22,4318,216,1332,229,1748,1820
47,경북,770,영덕군,51,639,178,81,259,13,53,0,536,35,158,27,230,235
46,전남,880,장성군,52,930,278,60,390,29,101,0,784,24,272,66,297,315
41,경기,800,연천군,54,546,115,54,225,30,86,0,582,14,174,39,284,223
47,경북,770,영덕군,55,191,48,22,71,0,0,0,141,6,48,13,70,60
47,경북,920,봉화군,53,506,152,42,222,19,43,0,438,17,140,25,215,192
11,서울,230,동대문구,54,31397,10669,5386,12623,1446,4996,430,37532,1553,4959,2399,16327,14177
47,경북,930,울진군,53,1551,429,192,642,117,201,13,1484,81,540,143,655,542
26,부산,500,수영구,54,11724,5062,2302,3700,513,1568,316,11386,640,2199,1106,5038,4983
46,전남,130,여수시,51,16470,6086,1619,6993,768,2587,260,15551,1119,5098,1806,6605,6928
42,강원,780,철원군,52,399,97,39,164,7,57,0,404,0,106,34,195,137
43,충북,800,단양군,52,674,182,46,217,29,63,0,533,19,174,21,283,220
42,강원,830,양양군,51,305,82,23,113,21,36,0,338,18,104,20,156,128
26,부산,140,서구,52,4858,2151,819,1571,203,569,128,4745,301,933,421,2078,2034
42,강원,170,동해시,55,1296,548,106,536,90,180,9,1364,68,377,124,642,556
26,부산,260,동래구,51,12846,4605,1925,4033,592,1813,376,12039,715,2803,1346,4842,5888
45,전북,130,군산시,51,5905,2345,997,2434,269,891,60,5717,264,1676,412,2525,2577
42,강원,790,화천군,51,516,159,38,203,19,66,0,559,21,154,53,245,178
26,부산,470,연제구,52,10851,4187,1826,3407,460,1463,266,10099,519,2011,990,4258,5105
47,경북,230,영천시,53,4618,1243,485,1562,145,401,28,3933,164,1340,236,1714,2020
41,경기,115,수원시 팔달구,55,7400,3346,1691,2752,302,1112,74,8326,260,1524,783,3779,3187
48,경남,127,창원시 마산회원구,52,5565,1741,784,2003,202,695,75,5312,320,1503,480,2304,2503
11,서울,530,구로구,51,33552,10140,5957,13501,1455,4991,491,38566,1598,6095,2705,16313,16091
47,경북,930,울진군,54,1137,344,152,465,80,149,9,1064,56,375,94,487,395
41,경기,465,용인시 수지구,55,4275,1425,970,1742,181,750,51,4866,194,1124,543,2094,1890
45,전북,740,장수군,53,349,102,26,142,0,28,0,306,17,123,26,127,120
46,전남,830,영암군,55,403,109,47,175,19,57,0,346,13,117,23,164,143
42,강원,780,철원군,51,296,72,32,111,7,33,0,309,0,76,27,158,104
44,충남,230,논산시,54,5714,2018,606,2251,169,754,36,5025,271,1495,296,2339,2412
28,인천,237,부평구,53,27874,9070,3656,10451,1162,3823,449,29310,1202,5170,2473,12779,12422
41,경기,830,양평군,54,5568,1728,633,2250,252,669,38,5227,277,1447,480,2225,2191
43,충북,150,제천시,52,6961,2561,579,2663,246,838,51,6897,412,1683,363,3133,3117
41,경기,150,의정부시,55,3690,1307,688,1479,184,583,41,4222,148,813,417,1972,1644
43,충북,730,옥천군,55,958,377,96,371,28,107,0,854,53,246,93,385,361
41,경기,285,고양시 일산동구,54,23404,6790,3581,9398,1180,4064,500,26661,1568,5803,2478,11495,10616
30,대전,140,중구,54,21836,8176,3375,7574,727,2608,176,19090,844,4723,1604,8410,8926
48,경남,121,창원시 의창구,51,7587,2422,1077,2824,318,1051,138,7554,494,2247,734,3112,3423
41,경기,630,양주시,53,7177,1657,878,2952,266,1033,71,7301,294,1928,735,3319,2838
30,대전,230,대덕구,54,13431,4756,1967,4908,445,1632,91,12104,515,3321,1068,5455,5430
11,서울,620,관악구,55,18693,7882,2834,7263,822,3056,322,23145,681,2637,1294,10635,8842
42,강원,210,속초시,52,1040,437,102,442,53,188,11,1188,57,209,88,553,479
27,대구,110,중구,52,8032,3137,1607,2666,335,990,67,8150,298,1743,579,3557,3286
47,경북,930,울진군,51,862,255,107,354,57,102,10,784,53,316,76,333,297
44,충남,710,금산군,54,909,323,82,324,25,66,0,761,31,211,72,319,326
48,경남,127,창원시 마산회원구,53,7253,2301,1006,2601,263,943,103,7005,396,2014,619,3071,3272
31,울산,140,남구,54,25700,8853,3922,9497,1295,3754,1745,25539,1353,7383,2054,11217,11506
47,경북,850,칠곡군,52,7435,2286,750,2789,208,794,45,6673,371,2208,472,3066,2892
44,충남,180,보령시,55,985,372,98,380,31,102,7,941,20,274,54,436,438
41,경기,390,시흥시,54,22841,6400,2410,8924,922,3460,265,23931,1022,6253,2919,10838,10118
44,충남,131,천안시 동남구,53,26119,10825,2657,10757,927,3763,240,25810,1119,7184,1730,11729,11504
26,부산,410,금정구,55,3157,1245,420,1023,180,424,111,3108,154,690,333,1358,1396
11,서울,200,성동구,55,8963,3514,1529,3477,525,1579,151,10907,435,1534,856,4603,4053
41,경기,410,군포시,55,5384,1866,861,2102,242,839,36,6155,304,1304,502,2583,2554
45,전북,180,정읍시,55,1939,700,153,776,72,196,6,1658,68,516,104,711,706
44,충남,150,공주시,53,2528,789,292,949,91,295,8,2314,95,704,192,1053,1020
41,경기,390,시흥시,55,7214,2207,734,2786,297,1099,80,7470,336,2083,961,3442,3168
44,충남,210,서산시,55,911,314,132,441,59,153,6,1048,25,336,101,489,395
28,인천,185,연수구,55,5920,1873,1180,2051,337,1024,122,5877,256,1516,895,2557,2508
30,대전,140,중구,52,21398,7805,3215,7378,688,2461,164,18398,871,4597,1539,7969,8749
11,서울,440,마포구,53,67673,22657,11357,27631,3507,11399,1229,81622,3348,10967,5770,34071,29222
45,전북,770,순창군,55,89,18,0,32,0,0,0,60,0,25,0,27,33
11,서울,260,중랑구,53,29923,8976,4255,12542,1357,4470,344,34769,1436,4990,2242,15428,14163
48,경남,240,사천시,55,251,85,42,108,13,38,0,271,10,81,31,136,104
46,전남,840,무안군,55,1603,555,278,684,72,243,10,1709,71,509,93,688,680
41,경기,220,평택시,54,36740,13276,5405,15106,1348,4953,341,38019,1865,10206,2836,17962,15721
11,서울,545,금천구,55,7252,2849,927,2857,284,994,103,8605,282,1357,632,3878,3549
48,경남,330,양산시,54,16134,4443,1740,5699,634,2007,404,15203,687,4465,1534,6574,7227
44,충남,800,홍성군,53,7468,2248,615,2949,234,937,37,6541,321,2128,333,2951,2990
47,경북,920,봉화군,54,319,104,26,138,7,31,0,288,11,79,16,141,124
41,경기,570,김포시,54,25274,6108,3476,10374,1297,4422,648,27642,1369,6583,3035,11964,11380
44,충남,825,태안군,52,544,156,56,228,21,53,0,493,17,160,36,226,192
41,경기,610,광주시,51,3457,913,547,1315,184,595,33,3714,155,1015,461,1698,1415
41,경기,820,가평군,53,2959,1003,314,1214,128,399,27,2823,135,783,172,1254,950
47,경북,760,영양군,54,98,13,0,38,6,0,0,100,0,37,0,50,44
46,전남,900,진도군,52,566,154,69,233,28,67,0,506,25,201,27,218,231
45,전북,750,임실군,51,308,91,25,121,11,37,0,253,10,88,19,98,112
11,서울,230,동대문구,53,39925,12912,6702,15912,1899,6369,505,47185,2082,6459,3059,20605,18025
48,경남,890,합천군,55,91,6,0,28,0,0,0,65,0,8,0,21,26
47,경북,150,김천시,54,14575,5242,1320,5570,442,1579,83,12847,811,4069,891,5669,5898
42,강원,190,태백시,52,1332,580,117,544,67,211,10,1254,51,345,74,659,554
11,서울,440,마포구,54,54101,18677,9141,22037,2772,8961,987,65189,2647,8649,4531,27274,23223
42,강원,190,태백시,54,1042,505,96,412,63,161,6,1037,29,251,45,540,431
48,경남,870,함양군,51,213,54,21,72,6,6,0,206,8,67,6,85,80
27,대구,110,중구,54,8425,3381,1666,2779,387,1058,71,8573,329,1765,598,3793,3420
41,경기,480,파주시,53,34746,8478,4328,14062,1507,6327,750,36623,1798,10627,3987,16577,15380
41,경기,250,동두천시,55,330,88,35,142,17,43,0,348,10,73,22,166,155
26,부산,170,동구,51,4112,1726,731,1300,176,432,77,3791,258,782,389,1697,1683
47,경북,850,칠곡군,53,8976,2708,875,3365,246,976,49,7997,434,2691,565,3773,3543
11,서울,110,종로구,55,6497,2614,1112,2639,391,1088,114,7946,350,1089,582,3442,2834
47,경북,940,울릉군,55,84,32,0,25,0,0,0,48,0,21,0,37,27
44,충남,150,공주시,55,647,217,80,253,12,82,0,608,21,159,45,275,267
44,충남,760,부여군,51,791,262,103,302,22,76,0,653,41,203,35,296,264
26,부산,350,해운대구,52,25037,9602,5371,7814,1525,3542,783,24101,1422,5394,2997,9984,11472
42,강원,830,양양군,54,327,82,30,116,22,49,0,339,17,98,23,147,135
41,경기,210,광명시,51,24772,7264,3539,9807,1077,3475,272,26987,1254,5303,2385,10839,11992
46,전남,230,광양시,53,7003,1995,588,3101,287,1100,79,6771,398,2265,517,2839,2914
46,전남,900,진도군,55,157,48,23,85,6,15,0,147,8,56,6,57,68
29,광주,140,서구,53,19651,7376,2580,7390,853,3043,237,19181,925,4905,1647,7583,8785
31,울산,710,울주군,54,14074,4421,1767,5333,557,1792,657,13445,684,4530,1188,5953,6082
46,전남,830,영암군,52,1106,312,120,459,54,146,7,1001,51,323,64,446,423
43,충북,150,제천시,54,7436,2743,658,2879,269,967,48,7598,419,1867,423,3503,3384
11,서울,110,종로구,53,23240,8054,3956,9272,1271,3564,373,27938,1332,3628,1992,11902,10116
43,충북,750,진천군,54,1773,590,206,715,90,290,10,1938,64,630,201,890,786
46,전남,780,보성군,51,584,179,38,228,17,51,0,481,23,166,45,197,230
26,부산,230,부산진구,53,24230,10350,4506,7629,995,3104,653,22996,1269,4628,2121,10304,10544
11,서울,305,강북구,51,15111,4476,2430,6266,613,2202,202,17779,740,2452,1012,7686,7052
48,경남,170,진주시,55,2099,912,337,781,104,306,27,2213,123,598,169,999,972
41,경기,390,시흥시,52,22605,5999,2305,8710,900,3343,261,23326,1031,6166,2847,10514,10002
41,경기,150,의정부시,51,11146,3275,1986,4447,528,1777,162,12792,536,2389,1166,5753,5120
11,서울,530,구로구,55,12827,4616,2310,5150,569,1960,204,14995,573,2401,1150,6641,6098
26,부산,260,동래구,53,17559,6279,2580,5402,827,2418,491,16050,919,3816,1803,6655,7994
41,경기,150,의정부시,53,19985,5719,3502,7974,910,3107,294,22454,950,4200,2056,10203,9012
44,충남,760,부여군,55,371,132,55,143,15,32,0,321,8,104,25,147,113
41,경기,463,용인시 기흥구,54,17704,5482,3406,7364,862,3174,202,19627,863,4810,2050,8470,7879
44,충남,131,천안시 동남구,51,16490,7021,1686,6812,615,2332,157,16455,759,4580,1131,7346,7339
27,대구,170,서구,51,4712,1614,664,1642,173,511,20,4490,168,1140,354,2017,2192
44,충남,770,서천군,54,1246,373,183,519,47,131,9,1071,45,308,71,461,410
47,경북,113,포항시 북구,54,17366,5552,1940,6301,670,2235,166,16597,942,5071,1131,6736,7706
47,경북,250,상주시,52,1494,416,144,507,36,170,6,1257,59,420,78,581,584
48,경남,121,창원시 의창구,54,8918,2975,1222,3237,387,1253,173,8852,580,2583,853,3756,4023
46,전남,870,영광군,53,1029,324,105,365,43,115,0,923,46,316,79,410,385
31,울산,170,동구,51,6482,2019,1083,2241,495,725,344,6255,335,1803,420,2832,3006
11,서울,710,송파구,53,46146,16495,9887,18733,2653,9066,689,54293,2244,8794,4199,22625,21030
41,경기,171,안양시 만안구,54,18710,6498,2540,7411,787,2553,200,20333,887,4075,1763,9070,8334
42,강원,210,속초시,53,1438,542,140,620,98,266,30,1692,79,322,136,763,663
11,서울,305,강북구,55,5830,1975,898,2391,241,830,71,6890,236,1035,406,3128,2694
45,전북,190,남원시,53,3242,1134,215,1265,100,313,19,2624,125,814,140,1176,1194
45,전북,210,김제시,52,2062,661,157,735,48,269,18,1754,91,565,137,718,872
41,경기,210,광명시,52,27345,7948,4013,10889,1163,3818,293,29884,1394,5609,2585,11937,13191
42,강원,790,화천군,55,182,58,6,67,6,28,0,177,0,56,6,82,53
47,경북,760,영양군,55,30,0,0,6,0,0,0,14,0,0,0,6,6
11,서울,380,은평구,54,41384,13011,6359,17770,1799,5788,674,49258,2014,7346,3132,21147,19674
28,인천,185,연수구,53,27128,7988,5219,9605,1478,4512,479,27182,1265,6653,3727,11592,11724
11,서울,710,송파구,52,32070,11700,7016,12989,1887,6322,481,37754,1612,6114,2928,15644,14706
47,경북,900,예천군,51,633,181,68,281,26,69,0,652,18,210,47,280,285
11,서울,650,서초구,54,34059,11512,6671,12106,2480,6790,593,39799,1999,6602,3983,16500,14472
11,서울,740,강동구,52,19329,6172,3643,8124,968,3292,222,22690,941,3537,1735,9276,9049
41,경기,430,의왕시,54,11023,3529,1590,4391,510,1792,130,11881,553,2701,1300,5041,4836
26,부산,710,기장군,51,6325,1767,926,2107,273,872,176,5986,385,1880,906,2462,2959
41,경기,171,안양시 만안구,51,16880,5658,2234,6805,669,2325,165,18410,846,3708,1543,8142,7753
41,경기,410,군포시,53,25414,7816,4093,9761,1081,3577,251,27936,1387,5657,2181,11499,11973
31,울산,200,북구,55,4650,1528,579,1692,244,631,260,4587,250,1405,365,2034,2075
47,경북,130,경주시,51,12004,4415,1205,4250,634,1368,169,11514,752,3560,1354,4789,5542
44,충남,270,당진시,55,840,285,91,367,41,116,0,873,25,293,75,419,377
41,경기,290,과천시,54,6609,1829,992,2396,356,1109,85,7512,375,1567,738,2902,3124
42,강원,790,화천군,54,624,207,47,258,28,91,0,709,23,192,57,300,213
47,경북,730,의성군,52,525,139,49,197,16,48,0,466,18,132,34,194,202
29,광주,140,서구,55,5040,2214,734,1963,234,822,57,5090,252,1310,475,2116,2263
46,전남,830,영암군,51,942,271,106,393,41,102,0,839,42,255,47,373,370
11,서울,215,광진구,51,17972,6577,3239,7203,866,3107,294,22439,726,2672,1368,9795,8445
46,전남,710,담양군,55,187,34,0,87,0,7,0,155,0,61,17,50,73
41,경기,131,성남시 수정구,53,8778,3052,1317,3786,381,1377,105,10082,370,1567,746,4342,3924
45,전북,210,김제시,55,975,317,75,352,27,129,0,870,31,276,63,379,390
11,서울,440,마포구,55,18611,7274,3098,7480,952,3269,370,22614,883,3162,1735,9749,7786
47,경북,830,고령군,52,358,71,35,106,0,20,0,259,9,95,30,124,138
11,서울,680,강남구,54,34332,13168,6620,12560,2421,6710,619,40432,1928,6618,3777,17221,14137
46,전남,790,화순군,54,1161,361,119,488,49,151,16,1092,56,326,95,461,404
46,전남,910,신안군,52,385,167,37,154,12,27,0,341,19,105,21,138,154
27,대구,290,달서구,55,12366,4661,1859,4246,507,1608,78,12542,445,3004,883,5616,5601
43,충북,112,청주시 서원구,55,3570,1648,528,1567,176,609,33,4068,187,1000,399,1758,1637
47,경북,290,경산시,52,19440,6030,2507,6638,671,2370,178,18019,740,5144,1227,7788,8674
11,서울,740,강동구,53,27746,8952,5215,11762,1433,4865,314,32910,1383,5153,2610,13564,13063
41,경기,273,안산시 단원구,51,9084,2762,1207,3325,404,1344,90,9469,414,2281,952,4314,4218
48,경남,330,양산시,52,15146,4057,1540,5325,597,1783,329,13984,667,4088,1401,6024,6752
46,전남,790,화순군,51,842,245,81,370,24,106,6,822,41,239,67,324,299
41,경기,830,양평군,55,2092,773,271,845,96,254,13,2090,86,521,170,895,815
11,서울,440,마포구,52,52352,17668,8835,21329,2741,8747,953,62994,2623,8403,4452,26017,22657
46,전남,860,함평군,54,426,79,58,186,11,37,0,343,15,124,24,128,149
27,대구,260,수성구,52,43325,14022,8450,14770,1952,6231,418,41827,1736,10717,3022,16476,18301
41,경기,113,수원시 권선구,54,29912,11165,6494,11549,1193,4358,285,32124,1189,7453,3265,14137,13771
46,전남,730,구례군,55,179,54,14,79,7,7,0,157,0,60,8,64,56
45,전북,730,무주군,53,588,185,50,264,25,75,0,512,19,168,27,231,203
46,전남,800,장흥군,53,786,195,85,312,29,85,0,702,45,208,65,319,278
42,강원,800,양구군,54,540,189,45,223,0,85,7,573,18,130,33,261,219
41,경기,390,시흥시,53,30936,8135,3167,12070,1234,4581,338,31806,1467,8535,3901,14413,13636
43,충북,745,증평군,52,1370,557,160,654,50,242,0,1505,42,435,109,670,565
44,충남,230,논산시,52,5819,2044,611,2311,152,757,39,5023,288,1486,294,2289,2457
26,부산,440,강서구,52,4999,1438,558,1670,234,643,192,4555,211,1357,540,1954,2209
41,경기,220,평택시,52,36353,12582,5378,15036,1323,4886,337,37338,1880,9967,2747,17321,15471
43,충북,750,진천군,53,2375,797,285,959,110,369,12,2529,88,809,244,1152,1069
47,경북,230,영천시,51,3203,933,345,1105,103,253,15,2803,104,911,174,1202,1442
41,경기,115,수원시 팔달구,54,16691,6849,3562,6307,686,2393,165,18131,640,3484,1729,8115,7229
46,전남,860,함평군,51,332,53,41,146,9,23,0,251,10,96,10,91,107
41,경기,250,동두천시,53,2111,565,255,880,98,298,21,2220,110,479,148,1034,921
28,인천,177,미추홀구,54,11333,4253,1559,3966,437,1562,192,11739,430,2238,1217,5357,4951
46,전남,110,목포시,53,15084,5524,1833,6462,584,1953,94,14674,846,4098,626,6004,6597
44,충남,790,청양군,54,427,135,53,179,6,22,0,380,25,140,39,166,147
41,경기,285,고양시 일산동구,55,6696,2280,1015,2698,339,1238,161,7713,420,1776,795,3415,3081
28,인천,177,미추홀구,51,9198,3353,1242,3179,378,1289,140,9460,376,1822,956,4282,4105
47,경북,930,울진군,52,1106,315,139,470,81,143,9,1042,59,387,98,439,365
42,강원,130,원주시,51,17858,6816,2366,7444,864,2696,195,19166,913,5346,1891,8161,8195
41,경기,450,하남시,53,13708,4051,2183,5242,685,2410,149,14836,730,3273,1612,6325,5742
47,경북,850,칠곡군,54,7691,2431,768,2871,221,810,42,6901,371,2303,501,3223,3005
41,경기,220,평택시,51,26127,9353,3864,10772,937,3570,230,26776,1363,7266,1988,12647,11224
46,전남,710,담양군,52,660,159,42,286,16,65,6,544,22,194,75,186,230
46,전남,720,곡성군,51,623,196,55,266,21,54,6,477,24,188,37,200,204
28,인천,140,동구,51,1335,473,164,463,49,161,19,1383,73,274,115,634,595
41,경기,360,남양주시,52,28656,9114,4972,11611,1241,4157,297,31804,1329,6745,2818,13565,12925
41,경기,273,안산시 단원구,55,3117,1047,437,1120,135,459,26,3241,122,816,352,1503,1351
30,대전,170,서구,54,55152,21165,9710,19767,2181,6778,496,50831,1891,12117,4308,22134,22396
28,인천,260,서구,55,5750,2087,755,2141,264,912,118,6295,292,1297,674,2832,2587
50,제주,130,서귀포시,53,2419,839,209,1030,205,388,208,2579,75,724,298,1163,1095
47,경북,920,봉화군,55,113,28,6,34,0,0,0,106,0,20,0,54,35
26,부산,200,영도구,54,4594,2074,875,1414,172,411,102,4180,294,856,409,1921,2079
26,부산,380,사하구,51,10232,3932,1264,3226,358,1147,284,9391,494,2117,946,4027,4600
42,강원,190,태백시,53,1940,813,153,789,120,275,19,1841,87,474,90,965,792
41,경기,450,하남시,52,9394,2812,1479,3594,469,1700,89,10274,502,2299,1104,4333,3948
26,부산,380,사하구,52,10868,4204,1342,3415,371,1210,290,9859,535,2114,910,4227,4943
31,울산,200,북구,52,14482,4148,1782,5243,625,1792,762,13332,783,4071,918,5781,6378
41,경기,190,부천시,53,59919,17159,9284,23624,2560,9279,937,65802,2944,12083,5086,28643,29116
30,대전,110,동구,55,8304,3441,1061,3186,331,991,53,7569,316,1817,660,3507,3371
47,경북,190,구미시,51,29307,10723,2912,11449,1051,3659,218,28296,1381,8853,1767,12510,13345
43,충북,720,보은군,53,450,135,42,193,17,50,0,413,13,155,27,190,173
41,경기,463,용인시 기흥구,53,24487,7201,4620,10106,1198,4380,266,26793,1264,6573,2765,11455,10944
11,서울,290,성북구,53,55554,16517,9500,22315,2646,9051,763,65133,2891,9968,4484,27502,25675
11,서울,110,종로구,51,15086,5290,2555,6098,802,2352,244,18255,893,2446,1311,7662,6548
50,제주,130,서귀포시,52,1699,591,150,739,150,268,148,1825,56,510,192,803,803
26,부산,260,동래구,55,4432,1756,659,1379,203,698,144,4170,233,965,477,1799,1989
41,경기,281,고양시 덕양구,54,34445,9923,4560,15311,1539,5578,579,39416,2022,8619,3644,16652,15360
31,울산,710,울주군,51,11736,3639,1393,4497,459,1496,525,11164,640,3845,979,4883,5168
28,인천,110,중구,51,5287,1811,829,1939,285,773,141,5778,244,1418,607,2557,2308
11,서울,710,송파구,55,8593,3653,1879,3474,539,1699,147,10435,361,1621,796,4457,3803
11,서울,410,서대문구,52,36408,12036,5763,14797,1880,5804,605,43493,1974,6209,3129,18288,16169
46,전남,890,완도군,53,671,211,73,289,23,54,7,546,21,167,35,241,221
41,경기,310,구리시,51,5434,1585,1055,2060,283,879,70,6039,256,1341,549,2643,2505
26,부산,110,중구,55,1005,565,178,346,39,98,22,958,43,171,66,454,412
45,전북,720,진안군,55,70,0,0,22,0,0,0,52,0,23,0,20,21
46,전남,710,담양군,51,582,146,57,267,14,60,0,530,25,175,69,182,226
41,경기,465,용인시 수지구,54,16952,4835,3811,6843,813,3086,221,18995,772,4245,1849,7678,7493
42,강원,130,원주시,53,29118,10777,3810,12194,1323,4401,280,31072,1400,8640,2969,13341,13331
11,서울,530,구로구,52,39675,12162,7276,15928,1690,5921,577,45830,1890,6918,3164,19378,18981
46,전남,830,영암군,53,1521,432,178,651,72,193,10,1400,74,425,92,604,613
48,경남,250,김해시,52,17073,4093,2205,6171,679,2360,526,16805,1081,5174,1447,7217,7805
27,대구,290,달서구,51,25743,8203,3651,8623,952,3226,188,25076,970,6277,1788,10569,11742
47,경북,113,포항시 북구,51,14410,4343,1557,5243,557,1826,131,13675,884,4371,966,5387,6440
48,경남,720,의령군,54,159,28,6,66,0,17,0,147,7,37,8,71,59
47,경북,190,구미시,55,16046,6805,1764,6134,628,2029,125,16199,697,4861,1079,7390,7220
41,경기,461,용인시 처인구,51,2951,781,420,1184,117,495,29,3079,136,838,346,1425,1278
41,경기,190,부천시,55,12416,4149,1894,4804,590,1978,206,13646,601,2691,1220,6133,5924
47,경북,210,영주시,55,988,431,90,425,38,104,6,1050,44,278,75,475,459
47,경북,111,포항시 남구,52,11987,3609,1244,4317,570,1647,124,11587,785,3763,843,4683,5563
29,광주,155,남구,51,8438,2980,1054,3271,347,1270,107,7979,456,2378,865,3106,3721
42,강원,780,철원군,54,399,81,44,167,19,75,0,410,0,124,40,197,144
47,경북,290,경산시,53,23510,7082,3009,8074,802,2899,212,21838,898,6381,1498,9577,10588
27,대구,140,동구,53,30313,10091,5469,10455,1184,3532,317,29112,1147,7766,1958,12464,13509
29,광주,110,동구,51,4779,1726,642,1740,218,616,47,4572,204,1250,450,1784,2074
11,서울,200,성동구,54,30163,10665,5252,11853,1681,5295,447,36964,1466,4900,2659,15066,13853
11,서울,215,광진구,52,22903,8515,4189,9156,1117,3893,379,28712,963,3116,1738,12508,10740
48,경남,840,남해군,52,259,75,20,100,6,17,0,242,8,62,22,113,93
42,강원,110,춘천시,54,37465,16647,3088,16199,1700,6289,415,42309,1931,10472,2462,18522,18133
28,인천,140,동구,52,1553,447,191,525,53,193,15,1532,72,300,108,706,672
48,경남,220,통영시,52,664,275,85,250,32,87,8,663,22,184,53,308,291
46,전남,860,함평군,52,425,86,55,174,16,36,0,337,11,109,24,126,140
41,경기,465,용인시 수지구,53,24270,6514,5472,9844,1234,4453,303,26994,1168,6109,2622,11008,10800
42,강원,110,춘천시,53,43794,18687,3485,18805,1989,7175,459,48943,2319,12272,2846,21443,21151
48,경남,820,고성군,54,311,102,46,125,15,15,0,284,8,76,18,145,141
43,충북,113,청주시 흥덕구,54,22756,10161,3909,8849,1031,3834,239,23936,1071,6536,2400,10462,10499
45,전북,770,순창군,54,288,68,31,105,0,18,0,224,8,82,16,96,104
41,경기,550,안성시,55,2371,809,290,1002,74,334,10,2402,114,713,191,1227,1049
47,경북,900,예천군,55,286,89,22,121,7,15,0,283,8,92,24,117,114
47,경북,170,안동시,51,2662,1036,295,1103,140,321,8,2896,149,686,190,1237,1252
41,경기,360,남양주시,51,23791,7770,4054,9702,1102,3480,274,26534,1107,5718,2378,11441,10760
11,서울,620,관악구,53,71945,26290,10904,28245,2907,10947,1058,87811,3029,9527,4629,39221,34299
47,경북,290,경산시,55,8280,2924,1145,2866,334,1134,65,8166,303,2315,622,3645,3683
45,전북,750,임실군,53,425,130,34,166,21,42,0,329,13,117,22,125,140
11,서울,200,성동구,52,29197,9989,5054,11433,1623,5104,435,35454,1491,4784,2571,14362,13418
44,충남,200,아산시,52,27777,10392,2686,11128,981,3736,190,25844,1063,7790,2478,11861,11202
26,부산,290,남구,52,13887,5202,2267,4247,631,1700,295,12548,806,3008,1422,5217,5748
48,경남,310,거제시,53,2448,742,333,939,134,289,51,2271,128,640,221,1083,1076
42,강원,230,삼척시,52,1855,737,152,773,101,217,27,1882,104,511,164,874,855
43,충북,111,청주시 상당구,53,9891,3726,1218,4192,440,1537,99,10471,556,2917,1036,4481,4354
48,경남,330,양산시,55,4692,1437,550,1631,194,593,119,4485,196,1334,498,1953,2009
42,강원,770,정선군,53,1859,673,158,767,159,217,12,1735,90,594,108,939,710
48,경남,720,의령군,51,129,23,0,58,0,6,0,108,6,25,0,54,40
42,강원,170,동해시,54,3483,1335,270,1431,234,522,36,3558,188,994,312,1697,1463
46,전남,910,신안군,53,493,202,51,180,24,46,0,397,23,140,27,176,202
42,강원,130,원주시,55,10650,4376,1401,4394,505,1682,100,11698,515,3236,1150,5099,4904
41,경기,111,수원시 장안구,55,7163,2716,1365,2859,303,1188,89,8082,297,1801,848,3443,3304
41,경기,290,과천시,52,6565,1751,960,2368,385,1146,79,7414,378,1534,698,2834,3070
27,대구,110,중구,51,6357,2521,1232,2105,277,843,61,6470,274,1417,473,2822,2618
42,강원,150,강릉시,52,20147,7374,1325,8757,1217,2968,361,20482,1410,5958,2079,9051,8268
41,경기,117,수원시 영통구,55,11617,4292,2220,4486,507,1950,119,12962,444,2790,1249,5492,5108
30,대전,170,서구,51,44060,16525,7511,15752,1765,5418,405,39908,1593,9805,3512,17178,17987
47,경북,210,영주시,54,2629,1073,260,1104,94,303,11,2651,111,708,174,1229,1139
29,광주,110,동구,55,1941,756,275,697,101,260,26,1888,76,521,190,810,853
11,서울,320,도봉구,55,5613,1897,846,2369,247,851,83,6739,313,1047,425,2944,2767
28,인천,260,서구,54,22826,7259,2947,8406,1001,3415,486,23685,1050,4964,2489,10470,10038
48,경남,890,합천군,51,237,48,20,89,6,7,0,209,6,71,23,75,88
41,경기,550,안성시,54,5381,1710,606,2325,189,728,34,5288,301,1566,420,2585,2326
27,대구,260,수성구,51,34790,11074,6756,11964,1654,5214,341,33793,1472,8915,2446,13233,14782
41,경기,287,고양시 일산서구,54,21991,5810,3857,9054,982,3823,412,24931,1353,5450,2082,10422,10114
46,전남,820,해남군,53,1213,279,126,512,45,121,6,1016,68,347,63,471,407
28,인천,720,옹진군,51,189,56,21,80,0,6,0,180,0,61,17,99,85
48,경남,310,거제시,55,562,219,83,206,26,53,9,503,21,160,58,230,264
27,대구,110,중구,55,3694,1664,727,1224,166,502,35,4002,136,835,285,1827,1519
46,전남,150,순천시,54,18703,7158,1923,7922,695,2744,208,18425,851,5532,1372,7391,8173
44,충남,810,예산군,51,3126,1053,301,1347,84,326,9,2811,126,867,143,1206,1185
29,광주,200,광산구,54,18178,6698,1857,7009,762,2672,202,17575,865,4942,1698,7037,8259
41,경기,287,고양시 일산서구,55,5952,1783,1021,2388,281,1118,111,6798,359,1547,668,2944,2751
11,서울,590,동작구,51,35093,11301,5771,14902,1725,5808,500,41669,1858,6089,2979,17565,16143
45,전북,800,부안군,52,617,201,56,256,11,52,0,501,24,181,29,206,230
41,경기,430,의왕시,52,11035,3421,1541,4413,516,1853,131,11736,601,2812,1281,4968,4928
43,충북,150,제천시,55,3164,1265,262,1178,115,417,16,3280,178,796,198,1531,1414
42,강원,830,양양군,52,363,102,27,132,25,60,0,390,16,110,21,181,157
41,경기,171,안양시 만안구,53,23041,7691,3086,9167,970,3147,250,24902,1108,5059,2110,11125,10361
48,경남,890,합천군,54,313,78,30,124,10,27,0,304,9,92,30,108,128
27,대구,230,북구,53,35624,12431,5208,12574,1260,4262,271,35202,1445,8421,2491,15770,15948
41,경기,117,수원시 영통구,53,39953,12421,7370,15659,1747,6684,363,43545,1731,9814,4287,17919,17652
45,전북,750,임실군,54,330,110,22,124,9,29,0,246,11,92,21,96,117
11,서울,380,은평구,52,40382,12245,6043,17417,1703,5582,600,47299,2037,7146,3055,20228,19207
36,세종,110,세종시,55,28425,9815,3731,10948,1313,4176,299,27437,1186,7919,2915,11117,12083
27,대구,200,남구,51,6921,2648,1099,2364,220,740,55,6540,293,1461,429,2993,2964
44,충남,210,서산시,52,2855,857,337,1298,144,473,15,3146,125,939,268,1438,1210
50,제주,110,제주시,54,4496,1844,418,1836,345,736,396,4928,208,1141,486,2247,1984
47,경북,210,영주시,53,3633,1347,323,1550,132,404,13,3482,153,979,252,1656,1601
46,전남,820,해남군,55,279,92,34,114,0,34,0,273,9,93,17,115,88
50,제주,130,서귀포시,55,558,193,50,231,35,92,33,614,16,166,61,280,259
26,부산,530,사상구,52,6870,2848,950,2305,249,792,214,6298,381,1355,582,2736,3088
41,경기,220,평택시,55,18784,7392,2903,7665,739,2640,183,19856,904,5152,1492,9476,7939
44,충남,230,논산시,53,7105,2352,726,2852,209,935,51,6104,347,1910,352,2792,2966
41,경기,590,화성시,53,52954,15797,7714,20361,2395,8648,524,55998,2091,15460,5819,24636,23291
43,충북,130,충주시,53,6964,3023,628,2795,287,1013,47,7516,266,1971,487,3457,3165
46,전남,820,해남군,54,797,200,86,324,31,62,0,671,46,236,40,295,262
41,경기,463,용인시 기흥구,52,17938,5467,3452,7405,866,3317,183,19740,931,4749,2027,8410,8084
48,경남,840,남해군,51,214,59,21,87,6,20,0,228,7,54,22,100,88
41,경기,281,고양시 덕양구,55,9968,3206,1315,4338,498,1653,162,11399,561,2624,1132,4939,4392
41,경기,111,수원시 장안구,54,19921,6413,3686,7778,782,3048,212,21336,813,4629,2113,8776,9144
41,경기,370,오산시,52,9033,2790,1261,3455,349,1392,93,9542,361,2568,918,4340,4118
44,충남,770,서천군,53,1592,443,219,654,59,162,10,1357,66,397,82,577,562
11,서울,410,서대문구,51,29687,9816,4573,11978,1528,4800,510,35185,1587,5253,2617,14885,13255
42,강원,110,춘천시,52,36764,15766,2960,15816,1674,6114,387,41076,1968,10282,2387,17690,17810
41,경기,115,수원시 팔달구,52,15840,6270,3451,6035,640,2243,157,17148,646,3324,1663,7556,6959
11,서울,530,구로구,54,40400,12698,7432,16383,1740,6018,612,47116,1866,7078,3221,20063,19157
42,강원,820,고성군,51,176,34,11,81,8,24,0,181,0,46,13,96,75
26,부산,260,동래구,52,12749,4543,1921,4009,572,1767,365,11716,672,2624,1291,4746,5816
41,경기,115,수원시 팔달구,51,12937,5154,2766,5015,553,1870,132,14020,508,2880,1350,6207,5709
48,경남,840,남해군,53,366,130,44,145,17,48,0,360,9,89,34,172,148
48,경남,250,김해시,51,16243,3924,2073,5963,608,2318,521,16082,1059,5045,1396,6822,7472
46,전남,130,여수시,55,4004,1823,424,1693,205,649,65,4009,221,1205,457,1806,1692
43,충북,720,보은군,52,355,102,36,142,8,40,0,322,14,116,20,150,136
45,전북,180,정읍시,51,3082,1103,228,1197,96,306,9,2560,143,791,150,1013,1127
48,경남,740,창녕군,52,534,163,68,170,9,49,8,505,12,166,37,225,225
26,부산,530,사상구,55,2775,1291,414,927,113,336,92,2721,150,556,233,1214,1272
47,경북,730,의성군,55,180,50,15,66,0,0,0,159,6,46,16,71,78
44,충남,770,서천군,52,1214,326,172,485,47,118,7,1020,47,300,61,446,416
42,강원,800,양구군,51,397,128,33,168,0,63,0,430,11,118,22,198,165
47,경북,940,울릉군,54,300,129,20,107,0,7,0,222,10,78,6,136,95
26,부산,320,북구,52,13539,4623,1561,4572,502,1524,389,12517,798,2800,1234,5239,6003
28,인천,710,강화군,53,843,196,84,344,26,117,0,844,42,229,93,382,335
41,경기,550,안성시,51,3727,1136,408,1607,139,509,20,3549,210,1085,295,1752,1647
43,충북,745,증평군,54,1563,667,174,721,70,268,0,1691,46,485,128,775,658
30,대전,140,중구,55,11201,4533,1746,3802,378,1344,96,9901,418,2449,825,4412,4498
26,부산,200,영도구,53,5516,2369,957,1674,210,473,117,4855,339,1056,469,2241,2443
28,인천,720,옹진군,52,248,72,24,99,19,19,0,231,6,71,21,132,105
42,강원,820,고성군,55,87,13,8,30,0,8,0,84,0,26,0,40,27
47,경북,190,구미시,54,38825,14237,3903,14931,1343,4722,285,37736,1742,11474,2271,16858,17594
41,경기,590,화성시,54,39827,12679,5907,15340,1800,6468,408,42571,1569,11475,4475,18728,17525
11,서울,500,강서구,52,58636,18995,9899,24829,2878,9414,1421,70477,3146,11073,5196,30003,28105
48,경남,730,함안군,53,1192,302,140,440,41,132,11,1083,49,381,94,509,470
31,울산,710,울주군,55,5287,1906,666,1981,236,693,229,5274,282,1685,472,2344,2276
11,서울,530,구로구,53,51972,15636,9396,20863,2247,7733,730,59908,2479,9245,4193,25504,24772
42,강원,750,영월군,54,1010,395,93,404,43,118,10,1012,61,231,46,448,395
48,경남,129,창원시 진해구,54,7999,2445,972,3095,388,1299,171,8216,509,2774,812,3691,3651
48,경남,170,진주시,54,6103,2443,968,2356,321,837,105,6377,365,1760,497,2733,2811
43,충북,730,옥천군,51,1769,575,153,657,47,168,7,1423,104,472,158,629,662
44,충남,760,부여군,53,1362,450,181,514,46,136,0,1121,63,370,62,533,464
43,충북,112,청주시 서원구,54,9773,4267,1405,4201,408,1577,94,10831,512,2670,982,4545,4544
26,부산,320,북구,53,18159,6177,2009,6144,683,2048,521,16712,1076,3977,1679,6989,8106
11,서울,215,광진구,55,6962,2964,1295,2741,342,1198,110,8613,258,936,525,3903,3148
44,충남,133,천안시 서북구,52,42006,17047,4637,16743,1669,6129,352,40635,1512,11443,2818,18077,17666
29,광주,170,북구,53,20636,7511,2442,7891,866,2965,218,19739,890,5492,1778,7810,9074
46,전남,900,진도군,51,456,144,46,203,28,50,0,413,31,171,29,183,180
45,전북,111,전주시 완산구,52,13547,5126,1503,5118,550,2109,129,13320,607,3652,1274,5306,5922
26,부산,230,부산진구,52,18037,7820,3312,5754,741,2281,480,17006,933,3354,1590,7574,7811
48,경남,870,함양군,54,276,89,36,118,6,24,0,316,9,91,24,129,123
47,경북,730,의성군,51,346,86,28,121,12,40,0,313,13,100,20,122,124
47,경북,830,고령군,55,129,6,0,33,0,0,0,78,0,26,6,42,47
46,전남,880,장성군,51,768,213,52,330,34,80,0,645,26,219,57,249,254
41,경기,133,성남시 중원구,52,4352,1668,693,1809,188,644,54,5118,190,886,406,2209,2047
46,전남,720,곡성군,55,241,79,28,101,6,7,0,179,8,65,8,79,80
41,경기,650,포천시,53,1922,470,225,803,64,265,13,2023,83,572,190,961,813
47,경북,111,포항시 남구,53,15262,4494,1560,5455,729,2088,148,14666,975,4769,1028,6054,7117
47,경북,280,문경시,51,600,174,56,236,22,60,0,563,21,163,24,256,248
26,부산,500,수영구,51,9984,4085,1867,3054,442,1310,260,9489,540,1955,928,4118,4247
46,전남,820,해남군,52,895,203,99,369,40,86,0,773,46,263,40,334,303
43,충북,114,청주시 청원구,55,4563,1941,695,1771,229,803,43,4902,197,1513,526,2171,2027
41,경기,271,안산시 상록구,55,3714,1281,507,1399,165,524,27,3973,155,958,393,1852,1732
46,전남,730,구례군,52,545,159,43,236,18,44,0,506,18,172,22,197,191
11,서울,350,노원구,53,49324,12799,7666,20960,2091,7854,578,57135,2577,8901,3577,23745,23230
47,경북,750,청송군,55,71,21,8,24,0,0,0,52,0,6,0,42,28
43,충북,745,증평군,53,1774,736,200,831,76,308,0,1915,57,535,136,877,744
44,충남,810,예산군,53,4198,1348,379,1771,111,437,22,3778,164,1156,191,1661,1577
46,전남,800,장흥군,54,557,146,66,229,25,57,0,487,24,170,46,223,197
42,강원,780,철원군,53,602,134,55,265,23,79,0,634,7,171,65,316,223
45,전북,800,부안군,53,849,273,73,356,26,73,6,707,38,249,44,290,342
27,대구,230,북구,51,22650,7858,3391,8029,797,2820,139,22517,954,5404,1660,10046,10153
27,대구,230,북구,52,29406,10272,4375,10350,991,3476,204,29014,1158,6774,2049,12808,13048
47,경북,750,청송군,54,232,72,29,92,7,15,0,229,15,84,25,117,108
26,부산,710,기장군,55,2320,773,352,816,118,334,61,2304,108,688,347,947,1105
28,인천,260,서구,53,31284,9619,3848,11511,1403,4642,646,31997,1449,6810,3387,13967,13807
29,광주,110,동구,53,7454,2658,978,2695,347,987,79,7090,325,1940,673,2808,3182
47,경북,190,구미시,52,38391,13693,3856,14900,1362,4662,295,36906,1791,11351,2233,16280,17494
42,강원,730,횡성군,52,2010,584,179,841,63,219,13,1744,114,520,151,707,795
43,충북,730,옥천군,54,2094,702,188,773,68,216,6,1701,100,541,186,758,767
42,강원,730,횡성군,55,378,129,30,152,16,54,0,371,12,99,14,146,165
45,전북,800,부안군,54,631,215,63,280,21,60,0,571,21,194,42,240,263
45,전북,140,익산시,54,19332,8324,1736,6845,622,2348,183,17038,801,4355,1384,7511,8221
41,경기,133,성남시 중원구,51,3306,1251,526,1367,169,447,34,3777,147,708,299,1658,1511
45,전북,140,익산시,53,23083,9561,1976,8240,754,2706,215,19839,948,5252,1589,8761,9851
11,서울,650,서초구,52,32878,10826,6547,11643,2396,6584,571,38198,2003,6501,3856,15700,13955
45,전북,130,군산시,54,7573,3082,1306,3116,334,1142,73,7518,309,2168,561,3302,3264
46,전남,780,보성군,55,172,53,17,66,0,6,0,131,0,48,6,52,66
43,충북,740,영동군,53,3274,1072,257,1244,100,299,12,2550,166,917,148,1116,1062
11,서울,290,성북구,51,33868,10199,5673,13559,1589,5582,466,39225,1819,6333,2845,16554,15608
41,경기,115,수원시 팔달구,53,20411,7986,4316,7779,825,2962,198,22012,828,4343,2107,9761,8961
43,충북,130,충주시,51,4624,2069,411,1836,173,666,31,5090,181,1291,315,2270,2127
11,서울,710,송파구,54,32802,12458,7230,13313,1857,6480,528,39078,1546,6189,2953,16449,14848
41,경기,131,성남시 수정구,52,6073,2089,945,2569,285,964,74,7083,259,1078,522,3018,2734
27,대구,290,달서구,54,35825,12054,5278,12289,1314,4366,273,35677,1262,8255,2408,15291,16411
41,경기,650,포천시,51,991,247,107,406,33,136,6,1034,44,282,92,484,409
30,대전,200,유성구,53,60111,20459,11074,21617,2783,8128,625,53745,2227,14968,5374,22311,23631
46,전남,110,목포시,52,11548,4279,1415,4975,449,1499,77,11237,675,3124,473,4595,4996
11,서울,560,영등포구,54,55573,19933,10942,21585,2898,9378,1006,65817,2805,9222,4726,28201,24560
47,경북,730,의성군,54,440,142,49,175,9,42,0,439,13,121,31,180,170
46,전남,230,광양시,51,4391,1207,391,1901,164,675,42,4217,251,1370,331,1723,1776
28,인천,200,남동구,53,24691,7940,3527,9392,1095,3826,378,25897,1006,5341,2859,11393,11355
46,전남,890,완도군,51,401,115,48,172,21,32,0,342,14,103,22,150,139
45,전북,113,전주시 덕진구,52,15816,5736,1550,5936,673,2222,180,15222,747,4136,1509,6109,6586
45,전북,113,전주시 덕진구,53,21570,7669,2087,8183,883,3030,242,20743,1028,5746,1968,8312,9016
44,충남,250,계룡시,51,4398,1122,482,1686,194,822,33,3885,194,1322,270,1513,1852
44,충남,133,천안시 서북구,55,23927,10731,2829,9384,1013,3701,202,23875,853,6763,1785,10720,9992
11,서울,230,동대문구,52,30131,9961,5218,12098,1438,4820,417,35865,1596,4921,2300,15520,13749
41,경기,820,가평군,52,2488,877,264,1005,102,345,18,2389,101,651,147,1035,779
42,강원,760,평창군,54,2224,670,167,931,117,246,19,1985,127,647,171,901,803
48,경남,860,산청군,54,154,18,7,49,0,7,0,150,0,53,7,73,69
41,경기,310,구리시,53,9347,2791,1846,3559,505,1480,124,10384,459,2252,964,4567,4285
41,경기,410,군포시,51,16828,5062,2686,6524,721,2390,181,18555,945,3940,1508,7612,7949
48,경남,840,남해군,55,63,0,0,26,0,0,0,59,0,12,0,31,21
46,전남,810,강진군,51,532,110,42,228,18,28,0,418,26,159,25,167,142
47,경북,190,구미시,53,45757,16034,4432,17751,1622,5670,343,43920,2123,13867,2701,19672,20933
45,전북,113,전주시 덕진구,51,14547,5237,1440,5551,639,2101,160,14100,749,3973,1407,5567,6166
42,강원,790,화천군,52,686,240,50,288,31,102,0,764,24,204,63,323,245
41,경기,210,광명시,54,28533,8512,4173,11328,1220,4025,317,31136,1415,5796,2697,12615,13685
43,충북,113,청주시 흥덕구,55,9721,4747,1716,3796,476,1654,109,10388,435,2941,1139,4567,4425
41,경기,570,김포시,53,34276,7863,4517,14096,1748,6037,857,37014,1891,8967,4091,16031,15522
45,전북,730,무주군,52,456,134,47,195,14,53,0,382,17,124,20,173,158
29,광주,155,남구,53,13286,4722,1700,5051,563,2039,174,12560,644,3680,1347,4904,5700
41,경기,500,이천시,51,1707,624,276,673,92,274,14,1899,61,455,193,933,748
42,강원,750,영월군,52,1213,436,107,512,54,128,13,1144,89,246,50,526,443
48,경남,720,의령군,52,166,32,9,67,0,7,0,144,6,31,8,65,59
48,경남,890,합천군,52,292,54,15,106,7,27,0,251,8,85,22,94,114
43,충북,113,청주시 흥덕구,51,16881,7546,2872,6686,746,2813,192,17810,798,4893,1769,7733,7899
26,부산,380,사하구,55,4189,1812,555,1332,148,520,107,4037,172,877,378,1807,1851
41,경기,111,수원시 장안구,51,16450,5080,2924,6461,619,2570,173,17434,732,3955,1739,7099,7716
29,광주,155,남구,55,3176,1303,435,1234,171,565,29,3146,160,917,383,1257,1395
45,전북,720,진안군,52,203,55,11,85,0,6,0,187,6,59,17,71,72
43,충북,800,단양군,54,802,247,65,238,28,71,7,635,24,209,26,319,265
46,전남,230,광양시,54,5074,1575,456,2229,225,799,56,4996,275,1631,390,2112,2044
27,대구,140,동구,54,26098,9078,4784,8956,1056,3002,275,25298,944,6656,1654,10862,11557
44,충남,210,서산시,54,2867,895,356,1295,163,500,18,3125,119,960,278,1468,1201
48,경남,270,밀양시,52,6863,2185,654,1949,172,627,40,5270,368,1738,301,2226,3082
48,경남,125,창원시 마산합포구,55,1787,638,250,592,52,193,17,1735,88,458,164,751,773
29,광주,110,동구,54,6220,2256,849,2249,269,797,64,5997,256,1568,540,2368,2685
46,전남,860,함평군,53,535,109,65,220,22,40,0,390,12,133,25,152,168
45,전북,790,고창군,54,956,261,77,357,40,88,0,820,54,274,61,352,349
45,전북,790,고창군,51,766,208,68,288,28,63,0,620,44,226,39,260,272
44,충남,250,계룡시,53,7040,1774,754,2723,299,1325,46,6297,290,2115,439,2512,2984
41,경기,630,양주시,55,1304,368,158,522,48,204,15,1391,51,362,159,672,534
42,강원,760,평창군,51,2016,597,148,906,102,214,15,1829,118,609,141,816,784
42,강원,730,횡성군,51,1509,456,127,640,42,167,14,1295,91,410,113,515,604
47,경북,280,문경시,54,815,248,88,304,26,78,8,757,36,221,36,329,348
41,경기,133,성남시 중원구,53,6083,2314,960,2565,291,901,67,7127,252,1232,540,3086,2851
42,강원,810,인제군,53,569,183,50,267,32,75,6,645,22,184,46,278,223
46,전남,770,고흥군,53,1088,280,74,507,46,108,8,964,83,315,55,386,398
28,인천,185,연수구,51,16675,4839,3169,5857,898,2872,311,16529,801,4239,2391,7077,7283
41,경기,463,용인시 기흥구,51,13698,4093,2546,5690,672,2481,145,15016,689,3730,1619,6355,6224
44,충남,230,논산시,55,2744,1111,306,1099,92,369,13,2502,120,714,157,1208,1119
48,경남,850,하동군,51,393,108,37,176,12,33,0,337,13,137,24,170,172
43,충북,112,청주시 서원구,52,9609,4065,1335,4032,411,1544,79,10460,484,2515,949,4340,4429
26,부산,230,부산진구,54,20162,8741,3808,6322,805,2638,544,19202,1014,3820,1788,8635,8645
41,경기,281,고양시 덕양구,52,31464,8915,4083,13925,1393,5075,537,35759,1885,7883,3271,15036,14059
43,충북,770,음성군,53,2048,719,226,781,95,290,12,1992,56,588,167,974,816
48,경남,870,함양군,55,118,29,16,54,0,7,0,136,0,46,0,61,46
11,서울,545,금천구,52,20017,6968,2496,7885,816,2583,231,22934,881,3380,1550,10160,9823
26,부산,320,북구,54,16032,5655,1886,5418,590,1864,470,15202,902,3510,1517,6330,7223
47,경북,230,영천시,55,1093,390,131,385,38,104,0,1111,25,338,70,503,495
11,서울,680,강남구,55,9871,4226,1815,3582,701,1888,181,11478,489,1966,1108,5059,3976
48,경남,170,진주시,52,6477,2459,976,2464,322,840,106,6585,398,1839,509,2765,2964
41,경기,190,부천시,51,36453,10604,5652,14455,1597,5687,602,40075,1803,7672,3275,17446,17832
11,서울,290,성북구,54,42915,13285,7364,17126,2012,6997,632,50317,2135,7542,3427,21322,19535
31,울산,110,중구,54,14026,4784,1872,4924,656,1858,823,13822,699,3854,1156,6135,6219
26,부산,530,사상구,53,9745,3962,1290,3199,369,1157,316,8979,569,2001,858,4055,4346
47,경북,770,영덕군,54,729,185,75,283,18,52,0,595,38,174,33,273,253
31,울산,140,남구,53,31482,10304,4581,11688,1558,4580,2084,30686,1730,8961,2456,13686,14173
11,서울,545,금천구,54,21226,7447,2662,8352,827,2752,266,24268,898,3594,1623,10927,10267
47,경북,280,문경시,52,803,232,79,296,27,69,6,719,31,213,30,314,343
46,전남,840,무안군,54,4085,1298,691,1769,201,608,26,4213,208,1247,232,1728,1747
47,경북,820,청도군,53,1967,600,213,692,83,175,9,1523,102,585,114,687,896
47,경북,840,성주군,55,322,96,35,127,0,25,0,306,13,84,27,123,129
46,전남,770,고흥군,55,187,44,12,63,6,0,0,146,7,70,7,53,59
41,경기,830,양평군,53,6541,1912,705,2647,289,774,43,6035,325,1697,554,2548,2571
44,충남,790,청양군,51,312,84,36,136,0,12,0,286,19,99,25,125,107
41,경기,113,수원시 권선구,52,28805,10552,6231,11204,1118,4195,265,30773,1169,7093,3105,13381,13333
46,전남,790,화순군,53,1421,410,144,585,52,176,17,1293,68,400,116,550,475
45,전북,750,임실군,55,141,45,6,58,6,7,0,109,6,29,6,47,61
41,경기,173,안양시 동안구,52,28284,8855,4410,11252,1333,4987,316,31595,1593,6594,2940,13009,13167
48,경남,127,창원시 마산회원구,55,1962,762,263,702,71,291,33,1953,106,528,198,914,889
44,충남,180,보령시,54,4026,1385,371,1548,130,374,32,3331,158,1082,155,1554,1669
27,대구,140,동구,51,20164,6752,3648,6842,818,2363,191,19185,804,5245,1290,8151,8925
42,강원,750,영월군,53,1480,518,122,596,62,163,17,1365,101,308,63,646,535
27,대구,710,달성군,51,8681,2387,1128,3160,320,969,52,8289,304,2526,687,3580,3699
41,경기,430,의왕시,51,9786,3066,1368,3946,459,1650,103,10547,513,2477,1143,4469,4443
44,충남,800,홍성군,52,5953,1884,530,2383,197,752,22,5332,247,1673,264,2362,2415
11,서울,305,강북구,53,25270,7281,4068,10444,1017,3624,321,29544,1192,4136,1682,12929,11870
30,대전,110,동구,54,16934,6411,2027,6526,595,2002,106,15022,622,3737,1237,6820,7001
46,전남,870,영광군,54,762,254,86,267,43,96,0,728,24,234,69,313,319
11,서울,470,양천구,54,43447,12743,8268,17918,2132,7644,893,52072,2590,8464,3924,21048,20619
41,경기,190,부천시,52,44514,12965,6997,17427,1851,6909,706,48829,2253,8976,3846,21050,21742
31,울산,170,동구,55,2468,953,430,870,192,300,140,2471,110,720,189,1153,1105
26,부산,260,동래구,54,14277,5263,2205,4480,675,2030,408,13371,719,3025,1473,5608,6487
44,충남,710,금산군,52,914,301,81,334,26,61,0,750,30,219,82,319,322
11,서울,560,영등포구,53,68402,23262,13125,26364,3582,11432,1227,80285,3521,11531,5851,34386,30222
41,경기,273,안산시 단원구,52,10253,3219,1371,3834,424,1532,111,10821,449,2514,1075,4897,4760
30,대전,230,대덕구,55,6277,2416,887,2305,221,769,41,5827,251,1558,518,2658,2587
41,경기,650,포천시,55,362,97,46,149,20,52,0,362,17,102,38,182,141
43,충북,720,보은군,51,248,74,28,101,6,19,0,206,6,76,17,106,91
27,대구,290,달서구,52,35090,11427,5060,11919,1244,4139,270,34257,1281,8135,2262,14414,16051
46,전남,110,목포시,51,10415,3879,1230,4432,405,1345,51,10032,584,2812,422,4005,4480
41,경기,570,김포시,55,6926,1903,929,2751,381,1221,184,7770,360,1857,879,3396,3078
48,경남,880,거창군,54,732,245,96,298,16,83,0,721,26,224,68,344,295
41,경기,465,용인시 수지구,52,18035,4895,4061,7298,893,3307,242,20243,877,4478,2005,8117,8055
11,서울,140,중구,52,13623,4859,2635,5308,771,2286,169,16466,717,2006,1232,6970,6053
26,부산,440,강서구,51,4864,1386,527,1631,237,670,166,4388,230,1321,542,1889,2192
48,경남,880,거창군,53,927,347,124,388,23,106,9,921,44,274,84,434,380
45,전북,740,장수군,51,231,55,12,101,0,14,0,195,14,70,13,86,88
42,강원,820,고성군,53,289,65,25,134,13,50,0,302,9,75,23,154,114
11,서울,590,동작구,52,42538,13577,7084,17931,2107,6879,638,50632,2263,7158,3555,21235,19411
44,충남,250,계룡시,52,5665,1420,602,2175,223,1043,32,4948,227,1666,340,1937,2365
48,경남,123,창원시 성산구,53,22187,7628,3749,8461,940,3371,460,22935,1631,6769,2018,9521,9984
42,강원,230,삼척시,55,580,248,45,230,33,67,8,610,22,160,36,302,274
46,전남,890,완도군,55,125,13,0,63,0,0,0,101,0,40,0,56,33
26,부산,170,동구,53,5832,2602,1023,1894,237,615,85,5366,347,1103,544,2446,2367
42,강원,170,동해시,52,3451,1329,265,1436,224,464,40,3419,189,940,290,1587,1392
41,경기,135,성남시 분당구,51,16680,5455,3508,6925,928,3309,263,19991,959,3862,1744,7933,7509
46,전남,150,순천시,55,5406,2323,575,2280,218,880,70,5415,248,1592,447,2243,2361
28,인천,710,강화군,51,419,107,38,169,9,57,0,380,27,123,47,168,156
42,강원,810,인제군,55,139,32,15,50,13,0,0,153,6,43,10,68,45
46,전남,800,장흥군,55,174,46,15,71,0,14,0,136,11,37,6,75,59
43,충북,720,보은군,54,350,90,41,144,16,34,0,309,14,128,27,145,129
48,경남,330,양산시,51,14120,3708,1448,4922,580,1755,333,13058,640,3990,1407,5601,6318
41,경기,273,안산시 단원구,53,14646,4427,1878,5356,616,2132,158,15194,638,3549,1458,6900,6673
29,광주,200,광산구,55,5542,2183,567,2177,241,904,49,5520,264,1540,529,2273,2513
41,경기,310,구리시,54,6849,2131,1390,2659,388,1088,101,7743,335,1686,693,3371,3113
48,경남,860,산청군,53,181,9,7,53,0,15,0,158,0,65,15,80,72
44,충남,230,논산시,51,4183,1467,420,1620,114,555,26,3583,204,1074,201,1644,1739
41,경기,610,광주시,53,6298,1727,996,2410,326,1079,68,6801,285,1775,796,3090,2619
47,경북,111,포항시 남구,54,11687,3616,1262,4187,594,1683,117,11502,698,3659,860,4728,5421
48,경남,129,창원시 진해구,55,1982,677,278,751,129,342,52,2127,132,695,219,968,895
28,인천,237,부평구,54,20303,6852,2734,7619,891,2880,347,21661,856,3738,1816,9399,9061
41,경기,830,양평군,52,5011,1536,537,2024,245,576,30,4581,241,1285,414,1924,1942
44,충남,250,계룡시,55,2357,677,256,896,99,441,9,2125,80,704,156,831,1002
45,전북,790,고창군,53,1243,364,89,462,46,102,0,1010,68,352,70,425,461
48,경남,310,거제시,54,1760,566,261,665,84,202,38,1675,90,467,157,786,756
26,부산,200,영도구,55,1688,806,321,549,68,163,37,1641,104,375,169,778,771
29,광주,140,서구,54,15998,6182,2239,6072,728,2529,216,15960,737,3914,1323,6314,7156
44,충남,210,서산시,51,1999,631,259,888,117,338,17,2184,76,643,195,1010,829
28,인천,185,연수구,54,19825,5977,3847,6943,1063,3277,371,19974,928,4833,2780,8447,8525
44,충남,790,청양군,55,118,37,10,36,0,0,0,107,0,45,7,44,39
26,부산,320,북구,55,5194,2020,573,1789,192,661,171,5049,290,1170,528,2145,2323
28,인천,710,강화군,54,583,165,53,238,24,70,6,592,33,162,67,268,229
30,대전,140,중구,53,25645,9254,3780,8910,849,2986,193,22110,1042,5571,1831,9756,10453
48,경남,740,창녕군,51,425,113,44,143,14,33,8,374,12,152,35,166,176
47,경북,820,청도군,55,851,336,102,330,34,86,0,731,42,245,58,344,372
41,경기,360,남양주시,53,38546,12004,6502,15565,1720,5655,426,42584,1699,8978,3746,18265,17236
47,경북,770,영덕군,52,853,218,99,351,21,67,0,721,43,225,41,325,318
26,부산,710,기장군,53,9043,2537,1331,2972,429,1246,257,8436,538,2591,1247,3568,4168
43,충북,113,청주시 흥덕구,52,21383,9371,3715,8351,964,3586,231,22441,1023,6058,2210,9722,9929
46,전남,910,신안군,54,331,146,39,131,18,35,0,284,14,101,24,135,140
44,충남,270,당진시,51,1846,565,201,801,87,304,12,1868,75,630,173,879,769
26,부산,200,영도구,52,4018,1771,725,1211,132,345,82,3580,247,750,355,1592,1834
26,부산,350,해운대구,53,33749,12703,7032,10541,2103,4825,1000,32467,1918,7373,4085,13387,15440
43,충북,111,청주시 상당구,51,5651,2105,679,2428,227,903,52,6088,323,1762,644,2554,2560
29,광주,170,북구,54,16689,6310,2067,6407,703,2381,181,16188,717,4478,1520,6415,7379
26,부산,710,기장군,52,6627,1896,966,2204,312,926,177,6189,382,1870,900,2577,3041
28,인천,710,강화군,52,628,153,53,256,21,80,0,591,28,156,65,268,231
47,경북,150,김천시,53,16509,5739,1425,6388,498,1790,90,14372,929,4694,1013,6375,6717
11,서울,260,중랑구,55,6513,2383,934,2734,307,977,66,7690,298,1096,515,3533,3074
42,강원,730,횡성군,53,2317,663,204,1003,73,247,18,1982,149,617,168,830,930
30,대전,200,유성구,55,22109,8461,4195,7871,1088,3145,247,20434,816,5709,2210,8572,8644
11,서울,110,종로구,54,18599,6659,3207,7469,1043,2928,303,22680,1080,2893,1645,9605,8085
30,대전,110,동구,53,19812,7103,2239,7583,687,2308,129,17247,773,4419,1446,7802,8233
41,경기,220,평택시,53,45733,15603,6541,18874,1663,6218,420,46727,2360,12881,3515,22081,19538
43,충북,740,영동군,54,2809,985,242,1088,86,272,11,2303,139,807,126,990,925
43,충북,114,청주시 청원구,54,12606,5009,1778,4961,545,2200,134,13332,492,3943,1305,5942,5831
41,경기,133,성남시 중원구,54,4356,1722,701,1783,199,620,46,4971,182,854,381,2181,1998
44,충남,180,보령시,53,5179,1645,462,1930,170,481,43,4167,198,1394,182,1916,2146
27,대구,290,달서구,53,42251,13607,6049,14270,1504,4989,315,41072,1515,10057,2805,17602,19098
36,세종,110,세종시,52,57334,17566,7520,22025,2532,8209,560,54206,2468,15382,5532,21319,24432
48,경남,310,거제시,52,1737,538,262,655,90,225,31,1594,82,464,146,750,741
42,강원,190,태백시,55,595,295,47,236,34,96,8,603,19,143,25,337,257
26,부산,380,사하구,53,15060,5781,1815,4743,505,1692,379,13770,748,3122,1357,6033,6875
45,전북,740,장수군,52,227,55,10,92,0,15,0,195,15,89,12,88,85
48,경남,740,창녕군,53,749,205,93,240,29,70,9,728,21,252,55,327,320
50,제주,110,제주시,51,3430,1415,290,1448,265,552,306,3822,158,923,375,1756,1580
43,충북,130,충주시,52,5806,2574,536,2359,223,820,41,6331,213,1620,390,2867,2656
48,경남,125,창원시 마산합포구,51,4432,1424,632,1564,174,545,62,4215,282,1219,443,1765,1972
27,대구,710,달성군,54,11669,3418,1573,4194,412,1197,77,11102,401,3247,889,4798,4933
11,서울,140,중구,54,14767,5416,2865,5636,817,2558,209,17984,735,2076,1282,7663,6521
41,경기,117,수원시 영통구,52,30127,9652,5607,11813,1292,5016,265,32715,1294,7320,3206,13348,13307
41,경기,670,여주시,52,931,275,103,361,53,136,9,954,24,257,94,436,386
44,충남,200,아산시,53,34748,12675,3296,13924,1266,4746,244,32403,1315,10061,3099,15070,14140
11,서울,740,강동구,54,19961,6846,3963,8549,964,3521,248,24273,930,3559,1859,9932,9409
47,경북,280,문경시,55,223,70,14,84,0,7,0,204,12,64,6,93,97
26,부산,500,수영구,55,4197,1965,856,1333,237,634,120,4129,215,841,442,1879,1747
41,경기,273,안산시 단원구,54,10509,3264,1444,3902,461,1513,101,11204,455,2525,1087,5081,4760
26,부산,230,부산진구,51,16795,7040,3083,5270,637,2152,421,15841,903,3304,1519,7021,7413
11,서울,620,관악구,54,57754,22017,8821,22743,2348,8789,893,71104,2322,7514,3652,31611,27386
11,서울,650,서초구,51,26297,8505,4878,9355,1834,5243,457,30097,1615,5315,3026,12418,11178
48,경남,730,함안군,54,941,245,122,372,34,113,8,882,29,296,73,421,396
44,충남,150,공주시,51,1392,442,156,519,43,157,6,1193,37,374,105,536,546
41,경기,480,파주시,52,24366,6150,3072,9833,1026,4319,517,25630,1308,7292,2733,11433,10747
26,부산,110,중구,52,2136,1028,377,743,75,210,48,2108,93,337,137,913,867
47,경북,250,상주시,55,553,170,55,203,18,61,0,520,26,191,32,241,236
48,경남,740,창녕군,54,625,193,79,197,17,56,8,618,23,203,51,272,265
41,경기,610,광주시,52,4332,1166,694,1649,224,747,42,4786,209,1221,564,2183,1811
48,경남,820,고성군,55,92,20,6,32,0,0,0,80,0,21,0,51,36
30,대전,230,대덕구,52,12946,4391,1806,4680,421,1517,89,11429,522,3130,994,4989,5217
41,경기,287,고양시 일산서구,52,20559,5398,3611,8438,955,3568,386,23385,1307,5184,2031,9732,9514
48,경남,820,고성군,52,265,70,31,114,6,12,0,231,8,66,20,122,106
46,전남,150,순천시,53,24323,8934,2454,10325,918,3564,262,23607,1136,7207,1734,9501,10583
11,서울,320,도봉구,51,15979,4481,2339,6894,724,2288,199,18974,954,2801,1152,7909,7842
44,충남,200,아산시,51,21745,8314,2142,8815,839,2995,160,20585,875,6309,1990,9523,8916
48,경남,860,산청군,51,113,0,0,30,0,6,0,89,0,35,6,49,36
41,경기,800,연천군,53,827,197,85,345,36,131,7,855,21,253,70,426,334
47,경북,250,상주시,53,1882,506,176,639,46,221,9,1608,85,512,100,731,733
47,경북,760,영양군,53,176,29,15,77,7,12,0,196,0,58,16,90,77
48,경남,250,김해시,55,4854,1413,651,1727,226,692,153,4883,278,1475,460,2222,2170
11,서울,170,용산구,55,11585,4805,2342,4429,754,1997,189,13871,596,2058,1206,6011,4846
46,전남,170,나주시,52,7323,1987,700,3498,318,1051,80,7544,269,2332,532,2741,2999
41,경기,461,용인시 처인구,53,5194,1358,761,2099,218,889,53,5419,220,1452,625,2539,2295
11,서울,590,동작구,53,57255,18147,9496,24194,2835,9454,830,68586,2988,9553,4785,29074,26164
41,경기,173,안양시 동안구,55,8745,3077,1388,3495,471,1633,87,9898,513,2168,964,4187,3995
42,강원,210,속초시,55,378,143,52,166,21,53,0,452,12,72,30,218,171
27,대구,200,남구,52,9003,3376,1409,3102,294,907,67,8561,341,1907,542,3887,3897
47,경북,850,칠곡군,55,3448,1260,364,1272,120,400,23,3211,167,1026,269,1567,1344
48,경남,240,사천시,54,955,323,137,417,47,135,17,1009,22,302,78,437,411
47,경북,920,봉화군,51,280,77,30,115,14,28,0,249,8,68,17,127,110
11,서울,320,도봉구,52,20481,5553,2945,8640,814,2861,243,24057,1223,3443,1325,9862,9985
48,경남,720,의령군,55,57,0,0,23,0,0,0,55,0,15,0,28,27
11,서울,305,강북구,54,19570,5945,3260,8106,790,2886,269,23319,888,3106,1303,10155,9202
45,전북,720,진안군,53,312,81,24,133,12,28,0,303,0,96,31,118,116
44,충남,270,당진시,52,2598,790,243,1110,116,389,14,2619,111,895,226,1253,1067
44,충남,131,천안시 동남구,54,21644,9276,2264,8860,761,3163,184,21613,905,5903,1467,9810,9470
43,충북,745,증평군,51,1192,466,134,563,59,213,0,1292,36,370,99,578,504
42,강원,170,동해시,51,3076,1162,238,1313,192,416,41,3052,171,854,264,1453,1315
45,전북,710,완주군,54,2380,654,215,1017,77,322,25,2281,81,771,208,953,1043
46,전남,840,무안군,51,3797,1109,621,1656,173,552,18,3773,211,1195,213,1528,1646
43,충북,760,괴산군,55,100,15,12,44,0,6,0,116,7,38,0,53,41
29,광주,200,광산구,52,18492,6567,1846,7031,746,2703,190,17505,841,5026,1669,6983,8387
46,전남,890,완도군,52,500,141,48,207,19,31,0,413,16,125,26,178,165
36,세종,110,세종시,54,58006,18128,7627,22090,2580,8228,580,54939,2403,15605,5573,21720,24503
29,광주,110,동구,52,6146,2252,838,2218,288,810,73,5846,264,1555,557,2315,2625
45,전북,190,남원시,52,2422,880,173,983,83,229,18,1968,88,578,103,872,871
41,경기,480,파주시,51,19819,4962,2510,8039,878,3484,436,20863,1035,6129,2296,9295,8815
48,경남,310,거제시,51,1361,426,198,532,66,161,22,1282,69,361,117,577,603
42,강원,830,양양군,53,474,128,40,172,26,77,7,496,20,138,31,237,192
27,대구,200,남구,54,9559,3728,1562,3263,321,1012,72,9287,352,1959,592,4339,4100
47,경북,750,청송군,51,199,47,20,80,7,0,0,184,12,65,19,89,81
46,전남,230,광양시,52,4794,1481,446,2107,209,764,50,4722,264,1488,356,1942,1989
11,서울,470,양천구,53,55982,15896,10648,23226,2754,9822,1054,66634,3411,10884,5076,27070,26628
47,경북,250,상주시,51,1121,306,104,386,25,115,0,946,50,334,67,437,441
46,전남,170,나주시,51,6569,1724,580,3129,262,989,74,6754,236,2092,453,2416,2740
29,광주,170,북구,55,5314,2206,634,2020,232,732,59,5213,258,1466,508,2082,2355
45,전북,113,전주시 덕진구,54,16865,6302,1756,6446,697,2432,183,16466,824,4535,1636,6601,7080
46,전남,170,나주시,53,9139,2360,828,4340,377,1320,90,9390,322,2907,667,3493,3770
28,인천,200,남동구,54,17579,5898,2617,6660,796,2743,280,18691,757,3735,2028,8199,8032
44,충남,133,천안시 서북구,53,53245,21092,5701,21170,2080,7829,411,51459,1882,14945,3565,23272,22242
41,경기,590,화성시,51,28857,8981,4194,11231,1346,4751,297,30786,1181,8538,3276,13464,12830
47,경북,770,영덕군,53,961,242,109,389,26,77,0,792,46,231,46,365,358
26,부산,170,동구,55,2028,954,372,699,103,208,33,1942,106,390,211,903,828
28,인천,140,동구,54,1596,533,212,538,52,190,11,1596,68,310,131,733,673
48,경남,270,밀양시,51,5961,1921,549,1695,146,543,47,4515,327,1477,266,1876,2664
47,경북,840,성주군,53,964,245,100,374,25,73,0,853,34,265,74,348,353
28,인천,245,계양구,54,10357,3370,1305,4038,417,1562,187,11062,451,2046,1027,4759,4776
46,전남,810,강진군,52,525,102,46,238,19,42,0,452,27,157,33,177,169
41,경기,550,안성시,53,7127,2150,771,3113,245,991,49,6998,380,2158,551,3420,3181
41,경기,173,안양시 동안구,54,28949,9384,4673,11559,1371,5180,350,32807,1606,6745,2981,13540,13454
27,대구,170,서구,53,7656,2670,1036,2672,239,808,46,7311,277,1842,511,3355,3551
47,경북,720,군위군,55,76,8,0,23,0,0,0,35,0,19,0,19,27
42,강원,230,삼척시,51,1559,614,125,671,90,169,22,1568,92,460,140,720,698
41,경기,590,화성시,55,13982,5026,2189,5289,665,2308,148,15275,497,4102,1596,6923,6082
27,대구,110,중구,53,9643,3761,1911,3178,435,1210,73,9723,383,2072,686,4292,3941
42,강원,730,횡성군,54,2092,621,184,868,64,225,15,1802,111,516,149,755,795
44,충남,760,부여군,54,1069,363,145,412,40,113,0,925,38,285,49,429,352
47,경북,750,청송군,52,242,54,24,104,8,22,0,240,17,82,23,105,108
11,서울,170,용산구,53,38043,13598,7672,14915,2339,6513,572,45498,2080,6235,3699,19293,16354
41,경기,630,양주시,51,3811,923,490,1567,149,586,51,3970,145,1023,410,1832,1562
41,경기,630,양주시,54,5157,1280,641,2131,211,776,52,5427,192,1405,553,2489,2062
45,전북,750,임실군,52,363,108,31,142,19,31,0,273,13,104,21,101,122
46,전남,810,강진군,55,179,28,0,81,7,0,0,129,9,60,12,52,50
42,강원,760,평창군,52,2187,609,172,952,115,241,19,1919,124,642,165,861,793
26,부산,110,중구,54,2472,1245,443,842,97,243,56,2472,102,387,177,1112,1031
44,충남,810,예산군,52,3315,1119,330,1410,90,350,13,3017,134,879,147,1322,1250
26,부산,170,동구,54,4869,2134,876,1543,205,479,91,4481,290,877,442,2023,1948
45,전북,180,정읍시,54,3916,1361,272,1560,119,409,11,3323,158,999,191,1308,1470
47,경북,720,군위군,53,308,67,28,114,6,7,0,258,14,95,21,113,145
11,서울,560,영등포구,52,53548,18791,10381,20634,2830,9029,987,63036,2789,8911,4583,26845,23814
46,전남,910,신안군,51,303,119,33,131,16,25,0,277,17,88,19,114,144
41,경기,570,김포시,51,20123,4615,2665,8343,1071,3648,517,21882,1167,5472,2423,9382,9187
11,서울,680,강남구,53,47644,17407,8994,17134,3447,9589,782,55511,2740,9140,5196,23550,19681
11,서울,215,광진구,54,24747,9545,4511,9791,1161,4120,422,31033,982,3371,1842,13645,11483
47,경북,940,울릉군,53,352,157,25,116,6,9,0,233,8,80,7,159,108
31,울산,200,북구,51,10974,3219,1306,4027,475,1414,626,10219,631,3287,776,4446,4956
28,인천,110,중구,55,1800,693,256,671,90,268,51,2004,98,508,237,890,782
43,충북,800,단양군,55,300,87,29,105,14,33,0,235,11,78,10,130,109
45,전북,111,전주시 완산구,54,14830,5725,1673,5621,589,2350,150,14621,676,3996,1451,5925,6454
42,강원,770,정선군,51,1264,444,103,524,107,129,12,1122,61,383,59,604,487
45,전북,130,군산시,53,9953,3904,1669,4065,441,1441,99,9630,429,2857,682,4231,4288
31,울산,710,울주군,52,13170,4055,1682,5080,512,1649,627,12556,669,4271,1078,5490,5714
26,부산,410,금정구,53,12861,4685,1724,4233,609,1598,366,12577,587,2745,1234,5304,5801
11,서울,410,서대문구,54,37635,12656,5955,15159,1930,5972,657,45076,1989,6282,3216,19142,16548
11,서울,650,서초구,53,45935,14715,8944,16187,3390,9217,767,53583,2719,9108,5387,22007,19516
50,제주,130,서귀포시,54,1634,569,149,709,141,250,138,1774,48,494,203,818,736
42,강원,130,원주시,52,23714,8862,3179,9912,1057,3595,239,25454,1123,6915,2380,10776,10923
30,대전,170,서구,53,65715,23987,11241,23602,2531,7999,572,59524,2338,14614,5105,25940,26736
41,경기,410,군포시,54,19085,6110,3118,7288,845,2708,197,21246,990,4220,1634,8754,8973
44,충남,210,서산시,53,4026,1185,479,1836,215,659,24,4401,168,1334,369,2071,1701
47,경북,170,안동시,52,3629,1483,455,1496,157,437,22,3974,211,926,257,1747,1707
31,울산,140,남구,51,21381,6909,3059,7831,1075,3079,1453,20641,1167,6157,1709,9005,9604
26,부산,440,강서구,55,1765,571,195,588,81,229,63,1671,65,494,194,732,778
47,경북,830,고령군,53,458,116,44,150,7,27,0,388,14,110,36,174,176
46,전남,840,무안군,53,5627,1655,890,2416,274,814,28,5550,290,1714,311,2304,2393
26,부산,530,사상구,54,8107,3460,1152,2777,312,974,254,7712,459,1631,706,3434,3677
42,강원,170,동해시,53,4942,1840,365,2077,315,697,61,4929,273,1391,424,2390,2061
46,전남,830,영암군,54,1127,359,136,493,53,163,9,1070,54,330,68,479,456
46,전남,730,구례군,54,560,181,47,258,28,47,0,527,21,193,30,201,209
46,전남,770,고흥군,54,711,186,52,313,32,64,0,643,51,208,35,258,261
44,충남,131,천안시 동남구,55,11124,5311,1220,4615,437,1728,94,11473,438,3164,807,5279,4824
30,대전,230,대덕구,51,10424,3666,1443,3825,351,1233,74,9375,451,2606,853,4101,4229
44,충남,150,공주시,54,1840,582,209,695,58,193,9,1612,56,496,136,729,730
41,경기,800,연천군,52,592,127,64,246,21,81,6,622,16,193,38,287,233
27,대구,200,남구,53,10942,4030,1703,3735,354,1128,79,10341,419,2337,661,4787,4687
11,서울,410,서대문구,55,12736,4847,1962,5078,681,2114,232,15284,635,2270,1177,6753,5616
46,전남,910,신안군,55,161,57,21,69,0,18,0,144,12,62,8,61,79
46,전남,900,진도군,53,735,187,78,305,35,78,0,626,32,242,37,260,293
46,전남,880,장성군,53,1184,350,88,510,41,117,0,1004,33,351,83,401,410
47,경북,150,김천시,55,7209,2947,668,2776,228,810,45,6685,379,2034,438,2956,2915
48,경남,220,통영시,51,552,218,65,215,28,73,7,557,15,162,44,254,254
41,경기,370,오산시,54,9360,2903,1270,3523,351,1404,74,9870,384,2718,927,4569,4186
41,경기,135,성남시 분당구,52,21656,6926,4563,9021,1203,4148,330,25879,1231,4716,2094,10133,9616
41,경기,133,성남시 중원구,55,1211,531,206,487,47,172,8,1422,42,262,121,659,569
42,강원,750,영월군,55,494,172,34,215,19,66,0,520,30,115,32,233,208
26,부산,380,사하구,54,12151,4860,1512,3862,411,1424,334,11257,567,2417,1067,4947,5414
41,경기,461,용인시 처인구,52,3612,991,535,1457,159,655,41,3780,154,994,421,1789,1577
41,경기,461,용인시 처인구,55,1174,315,142,432,40,206,11,1135,51,313,126,536,506
28,인천,177,미추홀구,52,11004,4000,1481,3910,433,1597,178,11405,441,2170,1120,5100,4859
42,강원,790,화천군,53,845,292,58,353,40,122,0,961,28,284,86,413,311
47,경북,940,울릉군,52,242,98,14,80,6,0,0,151,0,51,0,101,73
41,경기,285,고양시 일산동구,51,19840,5581,3024,7921,1018,3577,442,22416,1331,5053,2132,9567,9081
45,전북,140,익산시,51,15632,6591,1359,5580,495,1841,137,13592,681,3564,1124,5889,6706
31,울산,200,북구,53,17856,5064,2131,6486,796,2242,929,16419,952,5257,1151,7231,7870
41,경기,281,고양시 덕양구,53,44452,12299,5719,19666,1957,7121,746,50638,2662,11073,4701,21197,19846
11,서울,320,도봉구,54,20688,5940,3034,8836,853,3031,284,24685,1210,3538,1432,10369,10151
47,경북,900,예천군,54,815,207,78,343,31,87,0,795,30,267,55,354,349
46,전남,800,장흥군,51,490,113,49,212,20,53,0,433,33,137,42,191,178
44,충남,131,천안시 동남구,52,20679,8692,2152,8576,739,2947,192,20594,893,5631,1379,9222,9170
41,경기,135,성남시 분당구,54,21388,7221,4670,8784,1213,4201,326,25881,1183,4686,2149,10309,9312
45,전북,800,부안군,55,230,108,32,108,6,19,0,212,15,72,18,103,115
41,경기,117,수원시 영통구,54,31323,10334,5868,12210,1367,5241,296,34298,1286,7539,3367,14288,13828
41,경기,650,포천시,52,1317,320,160,520,51,178,7,1337,61,392,134,657,547
11,서울,290,성북구,52,42466,12772,7421,17112,2032,6977,599,49849,2215,7485,3360,20822,19631
11,서울,440,마포구,51,42909,14413,7152,17544,2239,7177,763,51607,2194,7122,3693,21483,18480
41,경기,390,시흥시,51,19358,5077,1980,7589,805,2948,202,20222,922,5550,2533,9191,8689
41,경기,113,수원시 권선구,51,22767,8387,4806,8785,940,3324,210,24164,968,5800,2484,10600,10510
48,경남,850,하동군,52,433,114,38,191,6,39,0,348,16,139,24,185,186
41,경기,800,연천군,51,332,61,28,137,18,50,0,356,6,98,25,156,142
43,충북,760,괴산군,53,420,127,51,186,13,59,0,461,15,128,36,200,193
42,강원,190,태백시,51,1267,542,101,487,72,177,11,1147,59,313,64,610,508
48,경남,850,하동군,54,464,140,39,197,19,43,0,392,16,153,29,211,199
43,충북,111,청주시 상당구,55,2580,1120,334,1097,120,383,21,2866,146,795,304,1236,1200
46,전남,110,목포시,54,11170,4399,1413,4872,438,1487,67,11165,617,3041,487,4542,4929
47,경북,250,상주시,54,1607,442,157,553,43,186,6,1403,69,451,88,667,624
41,경기,285,고양시 일산동구,52,21212,6148,3342,8520,1097,3675,484,24186,1470,5245,2271,10375,9701
42,강원,800,양구군,55,179,61,15,71,0,23,0,191,6,44,6,92,69
46,전남,900,진도군,54,469,125,58,194,25,45,0,419,24,156,28,176,201
26,부산,410,금정구,54,10136,3808,1405,3322,471,1287,290,10011,441,2086,952,4192,4570
44,충남,825,태안군,55,191,48,21,93,0,0,0,191,8,59,12,87,76
46,전남,770,고흥군,52,797,184,57,365,28,78,6,672,53,224,37,260,290
43,충북,113,청주시 흥덕구,53,27489,11906,4675,10732,1277,4672,315,28882,1297,7873,2831,12648,12714
45,전북,190,남원시,54,2566,937,184,1012,82,242,11,2117,90,636,122,959,946
31,울산,140,남구,52,23921,7852,3514,8845,1174,3345,1586,23191,1312,6737,1852,10202,10648
36,세종,110,세종시,53,68308,20437,8835,26189,3035,9814,659,64262,2912,18621,6516,25422,29092
43,충북,130,충주시,54,6103,2768,573,2430,248,861,47,6624,205,1670,431,3049,2733
44,충남,180,보령시,51,3638,1179,337,1361,104,329,22,2905,164,970,128,1298,1496
28,인천,710,강화군,55,157,36,16,59,0,19,0,167,7,50,20,66,49
29,광주,170,북구,52,16694,5972,1973,6343,686,2361,174,15720,739,4521,1463,6214,7311
26,부산,290,남구,51,13500,5050,2247,4131,631,1796,304,12162,815,2989,1467,4978,5672
46,전남,720,곡성군,53,875,283,68,379,27,78,6,667,31,275,54,310,292
43,충북,114,청주시 청원구,53,15471,5968,2129,6056,646,2728,177,16104,597,4799,1533,7200,7145
48,경남,330,양산시,53,19802,5270,2059,6991,794,2460,475,18429,844,5498,1885,8010,8863
47,경북,720,군위군,54,267,57,24,98,0,8,0,227,12,83,17,101,136
28,인천,185,연수구,52,19685,5831,3830,6904,1071,3202,360,19592,907,4779,2733,8302,8481
28,인천,140,동구,55,425,141,50,132,9,61,6,418,9,78,42,193,163
41,경기,131,성남시 수정구,51,4559,1557,672,1911,199,746,56,5313,206,823,401,2259,2024
45,전북,111,전주시 완산구,51,12365,4557,1342,4682,514,1950,111,11991,600,3418,1177,4765,5420
44,충남,790,청양군,52,391,145,44,174,0,28,0,367,24,111,25,168,155
41,경기,570,김포시,52,25221,5860,3384,10386,1303,4339,621,27246,1423,6560,2974,11707,11444
11,서울,350,노원구,54,36704,10171,5921,15637,1584,5796,459,43084,1890,6513,2674,17929,17366
41,경기,450,하남시,55,2774,986,437,1058,115,486,19,3095,144,682,354,1344,1175
48,경남,129,창원시 진해구,51,6093,1764,705,2335,288,942,129,6178,403,2055,579,2713,2824
11,서울,350,노원구,51,28812,7584,4478,12250,1270,4654,348,33357,1568,5319,2159,13687,13685
41,경기,131,성남시 수정구,54,6082,2202,986,2617,287,963,70,7139,257,1110,527,3101,2717
41,경기,173,안양시 동안구,53,37892,11766,5997,15169,1818,6780,435,42823,2140,8973,3961,17615,17647
27,대구,170,서구,52,6289,2194,893,2189,213,634,45,6019,232,1519,409,2740,2859
41,경기,131,성남시 수정구,55,1594,600,238,640,77,249,18,1783,71,309,153,818,697
41,경기,250,동두천시,54,1399,387,192,600,67,204,10,1504,65,358,107,715,636
45,전북,730,무주군,54,468,143,48,210,20,56,0,433,12,141,23,200,169
46,전남,890,완도군,54,424,118,37,183,20,34,0,375,13,112,22,160,132
11,서울,500,강서구,53,77802,24749,13098,32910,3816,12586,1875,93161,4046,14652,6791,40055,37238
48,경남,170,진주시,53,8630,3314,1302,3339,433,1151,138,8924,538,2568,674,3804,3951
47,경북,170,안동시,53,4770,1897,571,1997,209,577,19,5154,264,1247,348,2284,2237
41,경기,310,구리시,52,6773,1999,1357,2611,366,1086,84,7586,324,1631,690,3286,3102
28,인천,110,중구,53,9705,3190,1492,3584,503,1400,257,10480,413,2483,1069,4655,4164
44,충남,790,청양군,53,558,197,64,240,6,43,0,516,29,172,38,235,202
26,부산,290,남구,53,18660,7063,3090,5703,876,2496,407,16990,1078,4095,1965,7135,7880
30,대전,200,유성구,54,49985,17898,9350,17974,2332,6697,555,45323,1833,12377,4584,18840,19682
41,경기,500,이천시,55,836,377,143,333,46,143,9,986,15,198,94,473,384
11,서울,740,강동구,51,15621,5058,2943,6719,809,2756,202,18894,806,2939,1564,7739,7444
29,광주,140,서구,51,12243,4567,1619,4709,539,1964,146,12032,614,3146,1061,4670,5479
41,경기,630,양주시,52,4912,1129,595,2064,185,720,46,4998,196,1287,492,2268,1981
41,경기,480,파주시,54,25305,6527,3223,10112,1086,4483,566,27008,1272,7662,2936,12156,11138
47,경북,900,예천군,52,865,235,93,368,30,111,0,853,38,276,63,378,372
47,경북,130,경주시,55,4495,1949,511,1646,252,552,54,4529,237,1327,554,1931,2055
28,인천,177,미추홀구,53,15678,5683,2083,5491,625,2257,233,16027,616,3111,1581,7309,6831
41,경기,173,안양시 동안구,51,26030,8127,3982,10358,1231,4717,312,29354,1454,6257,2707,12051,12190
43,충북,111,청주시 상당구,54,7686,3016,988,3252,367,1217,85,8359,424,2321,828,3540,3406
44,충남,200,아산시,55,14401,6040,1486,5652,583,2023,132,13978,520,4217,1371,6488,5872
46,전남,170,나주시,55,2925,798,282,1405,129,428,27,3037,109,940,223,1112,1199
46,전남,810,강진군,54,514,100,48,226,22,36,0,426,20,149,19,159,147
41,경기,430,의왕시,55,3393,1223,523,1363,199,635,41,3838,191,949,457,1631,1538
26,부산,200,영도구,51,3908,1648,686,1154,134,336,90,3408,244,726,327,1534,1702
47,경북,210,영주시,52,2589,1010,233,1113,86,295,8,2506,119,661,160,1198,1143
11,서울,560,영등포구,51,43830,15048,8355,17036,2275,7425,777,51689,2374,7570,3835,21973,19661
11,서울,680,강남구,52,33099,12225,6320,11974,2341,6536,571,38525,1876,6384,3630,16312,13748
47,경북,130,경주시,53,18787,6651,1892,6553,927,2115,248,17736,1073,5498,2053,7420,8526
47,경북,920,봉화군,52,370,113,30,148,16,32,0,329,9,104,20,154,135
44,충남,150,공주시,52,1853,556,237,710,65,222,8,1635,57,508,140,733,741
43,충북,730,옥천군,53,2380,767,191,873,70,230,8,1885,139,614,190,839,885
48,경남,127,창원시 마산회원구,51,4782,1485,674,1768,173,625,73,4672,282,1351,418,2035,2169
41,경기,500,이천시,52,2251,890,381,935,132,366,29,2574,72,570,256,1211,992
47,경북,820,청도군,52,1732,553,200,624,69,154,8,1362,88,501,106,601,771
42,강원,150,강릉시,53,25017,8996,1575,10932,1487,3707,433,25213,1735,7503,2577,11337,10261
48,경남,850,하동군,55,76,0,0,28,0,0,0,55,7,6,0,29,27
41,경기,590,화성시,52,38851,11734,5758,15071,1747,6368,385,41241,1570,11241,4209,17919,17247
47,경북,760,영양군,51,109,13,0,34,6,0,0,111,0,39,0,47,47
26,부산,350,해운대구,54,26978,10523,5788,8614,1662,3853,854,26452,1475,5820,3223,10865,12349
41,경기,480,파주시,55,6549,1919,862,2597,290,1242,135,7050,333,2115,819,3311,2852
26,부산,140,서구,55,2132,1035,386,719,96,260,59,2216,136,421,220,978,908
28,인천,245,계양구,52,10266,3194,1307,3995,386,1454,170,10733,469,1972,992,4593,4762
44,충남,133,천안시 서북구,51,33758,13981,3741,13393,1355,5039,274,32952,1276,9512,2366,14654,14230
43,충북,770,음성군,55,533,200,59,219,23,65,0,550,15,180,44,285,224
11,서울,140,중구,53,18199,6334,3402,7072,1001,3020,240,21927,928,2641,1606,9362,8069
41,경기,111,수원시 장안구,53,25407,7858,4512,9895,976,3885,269,26761,1037,5858,2684,11018,11658
45,전북,770,순창군,52,327,86,29,137,7,21,0,244,12,101,20,102,131
47,경북,111,포항시 남구,55,4490,1461,509,1573,246,627,38,4393,245,1399,371,1773,2029
43,충북,770,음성군,51,1235,459,140,466,63,165,7,1194,32,348,115,579,478
46,전남,150,순천시,52,17871,6804,1857,7563,692,2605,175,17286,841,5225,1279,6836,7731
46,전남,130,여수시,53,21323,8050,2083,9005,1018,3410,341,20333,1334,6584,2340,8805,8990
41,경기,171,안양시 만안구,55,6359,2403,890,2501,290,903,56,7008,272,1461,598,3161,2865
28,인천,140,동구,53,2195,711,273,723,78,264,28,2226,120,444,182,1011,973
28,인천,720,옹진군,53,350,116,34,140,27,30,0,347,9,102,32,188,146
31,울산,110,중구,55,4756,1877,696,1730,266,714,306,4924,259,1355,451,2144,2138
48,경남,840,남해군,54,247,93,25,104,6,23,0,264,8,68,23,120,103
48,경남,270,밀양시,53,7875,2439,717,2218,202,701,61,6009,437,2010,351,2526,3490
47,경북,290,경산시,54,20673,6545,2715,7146,745,2610,185,19562,793,5587,1351,8599,9320
41,경기,150,의정부시,52,14234,4068,2524,5608,622,2183,205,15897,703,2936,1473,7164,6403
43,충북,112,청주시 서원구,53,12578,5358,1761,5325,517,2057,120,13768,673,3410,1229,5773,5919
41,경기,370,오산시,55,3323,1210,463,1270,141,520,31,3655,104,945,389,1752,1521
48,경남,720,의령군,53,208,51,20,89,0,25,0,193,11,45,17,93,77
47,경북,730,의성군,53,608,162,63,226,20,57,0,557,19,153,33,231,243
11,서울,545,금천구,53,26909,8917,3284,10591,1084,3469,320,30659,1178,4565,2072,13777,13257
50,제주,130,서귀포시,51,1216,375,104,489,97,179,104,1269,22,355,143,566,550
46,전남,710,담양군,54,637,153,55,292,17,71,0,552,22,190,75,192,247
43,충북,150,제천시,51,6219,2259,524,2398,208,757,49,6313,370,1537,347,2841,2887
27,대구,230,북구,54,30504,11083,4573,10701,1077,3630,240,30433,1216,7151,2142,13609,13564
44,충남,180,보령시,52,4218,1398,369,1554,139,371,38,3299,172,1101,145,1506,1704
42,강원,110,춘천시,51,27264,12037,2262,11693,1282,4574,301,30447,1524,7740,1826,13161,13174
41,경기,450,하남시,51,7420,2211,1171,2827,373,1347,73,8074,360,1850,899,3447,3101
11,서울,590,동작구,55,14358,5420,2373,6077,720,2425,213,17514,679,2503,1328,7690,6612
45,전북,720,진안군,51,197,35,7,73,6,12,0,181,0,52,18,71,61
26,부산,350,해운대구,51,23640,8823,4934,7374,1450,3446,701,22739,1378,5317,2855,9297,10840
41,경기,360,남양주시,54,30092,10010,5159,12343,1335,4462,320,33791,1302,7081,2984,14618,13513
26,부산,410,금정구,52,9093,3351,1227,2956,447,1143,252,8835,395,1873,853,3668,4043
47,경북,170,안동시,55,1303,534,150,541,54,174,10,1413,71,360,99,659,602
48,경남,220,통영시,53,936,403,119,352,50,133,13,982,28,266,77,452,421
46,전남,730,구례군,51,517,161,31,225,21,37,0,433,20,172,13,180,185
41,경기,610,광주시,54,4417,1262,712,1746,229,746,49,4891,186,1283,581,2246,1880
42,강원,150,강릉시,55,8930,3588,581,3850,521,1328,158,9336,617,2572,907,4200,3581
48,경남,121,창원시 의창구,53,11064,3492,1507,4039,464,1606,214,10947,689,3300,1065,4634,5051
28,인천,720,옹진군,55,79,6,0,26,0,0,0,58,0,17,0,48,25
29,광주,200,광산구,51,14398,5098,1414,5578,609,2165,160,13736,714,4071,1377,5551,6555
28,인천,237,부평구,55,5292,1989,697,1954,232,767,87,5731,236,1030,525,2555,2275
48,경남,123,창원시 성산구,51,14598,4944,2393,5561,641,2209,293,14929,1146,4592,1354,6138,6556
45,전북,140,익산시,52,18390,7786,1615,6528,565,2177,168,15846,775,4183,1296,6889,7812
41,경기,113,수원시 권선구,55,13810,5845,3168,5321,562,2072,134,15119,497,3328,1552,6797,6309
48,경남,250,김해시,54,19274,4833,2560,7021,772,2740,623,19342,1181,5812,1637,8341,8773
41,경기,135,성남시 분당구,53,31232,9948,6577,12918,1798,6180,466,37197,1780,6819,3073,14700,13697
45,전북,790,고창군,55,362,106,34,141,17,35,0,322,10,119,21,146,133
41,경기,271,안산시 상록구,54,12957,4401,1727,4915,554,1977,129,14333,561,3093,1217,6611,6097
47,경북,230,영천시,54,4015,1149,440,1358,128,342,25,3522,148,1180,218,1526,1763
44,충남,710,금산군,51,660,223,46,246,15,44,0,554,25,148,49,212,247
28,인천,245,계양구,53,14538,4523,1804,5581,587,2099,244,15328,670,2902,1444,6615,6801
44,충남,800,홍성군,54,5898,1873,510,2289,175,732,19,5214,236,1680,261,2349,2321
43,충북,740,영동군,55,1157,453,108,459,32,113,6,980,58,327,54,434,387
43,충북,760,괴산군,54,319,90,35,139,7,35,0,336,8,92,24,143,139
41,경기,250,동두천시,51,1053,278,126,418,50,130,7,1088,54,245,75,517,481
28,인천,245,계양구,51,8196,2573,1044,3201,358,1272,135,8631,413,1655,824,3732,3829
27,대구,230,북구,55,11904,4755,1841,4185,504,1500,79,12329,460,2767,869,5670,5266
42,강원,760,평창군,55,838,253,70,351,44,85,0,752,49,253,69,334,309
48,경남,125,창원시 마산합포구,52,5186,1648,751,1869,188,592,83,4905,297,1342,461,2045,2249
26,부산,530,사상구,51,6824,2753,891,2301,249,789,203,6222,408,1397,608,2770,3127
45,전북,111,전주시 완산구,55,4524,1971,547,1690,208,691,50,4481,226,1261,435,1913,1974
28,인천,110,중구,52,6833,2320,1051,2521,362,949,171,7269,301,1723,733,3153,2850
46,전남,870,영광군,51,554,160,49,201,24,62,0,510,14,155,45,223,210
46,전남,820,해남군,51,711,176,78,296,27,72,0,606,34,211,36,269,249
41,경기,670,여주시,54,907,295,109,333,45,133,6,939,21,266,98,446,367
48,경남,123,창원시 성산구,54,18920,6589,3307,7300,869,2955,403,19950,1383,5870,1801,8232,8534
43,충북,800,단양군,51,748,200,48,237,27,60,0,590,29,213,23,296,253
48,경남,740,창녕군,55,201,57,24,57,0,8,0,186,7,61,7,97,96
48,경남,270,밀양시,55,2901,1077,292,883,63,288,15,2495,133,723,157,1090,1313
11,서울,470,양천구,55,13761,4693,2471,5644,745,2578,327,16543,815,2827,1414,6946,6485
43,충북,750,진천군,52,1840,618,220,739,92,288,10,1987,66,628,193,894,820
11,서울,710,송파구,51,24382,8949,5329,9926,1391,4763,358,28825,1187,4821,2279,12051,11290
45,전북,790,고창군,52,985,297,80,375,36,91,0,826,60,280,62,352,373
41,경기,461,용인시 처인구,54,3651,1026,532,1486,164,614,44,3762,170,996,420,1789,1578
44,충남,770,서천군,55,260,75,47,112,6,28,0,236,15,62,19,120,77
41,경기,310,구리시,55,1654,571,331,623,91,257,19,1828,73,455,177,800,761
48,경남,890,합천군,53,421,107,37,168,17,37,0,411,15,123,29,149,170
47,경북,720,군위군,51,188,53,17,69,6,0,0,152,0,49,0,77,89
41,경기,500,이천시,54,2340,927,393,944,137,382,30,2656,69,633,290,1313,1011
11,서울,110,종로구,52,18134,6407,3099,7309,1023,2881,293,21915,1126,2951,1602,9264,7916
41,경기,670,여주시,53,1285,410,134,507,70,201,12,1320,36,369,135,612,538
48,경남,121,창원시 의창구,55,2906,1064,391,1034,144,402,47,2980,183,807,289,1303,1311
47,경북,840,성주군,52,815,208,82,309,20,66,0,745,22,228,64,292,303
28,인천,200,남동구,52,17507,5764,2561,6664,823,2696,278,18476,734,3746,2028,8163,8094
47,경북,940,울릉군,51,254,90,10,89,0,0,0,157,0,58,0,101,69
48,경남,220,통영시,54,718,299,99,289,40,99,10,754,22,203,58,354,330
46,전남,150,순천시,51,16836,6141,1745,7192,667,2500,187,16422,850,5085,1284,6431,7390
11,서울,170,용산구,51,24576,8992,4976,9674,1518,4199,364,29306,1340,4150,2447,12354,10591
48,경남,129,창원시 진해구,52,7430,2131,909,2890,345,1180,148,7458,463,2510,710,3258,3429
41,경기,360,남양주시,55,9851,3893,1617,3979,476,1445,117,11182,395,2454,1044,4856,4426
41,경기,113,수원시 권선구,53,37124,13197,7807,14331,1448,5290,346,39407,1499,9306,4020,17256,16964
46,전남,710,담양군,53,847,202,75,369,18,81,7,722,30,264,89,255,301
41,경기,430,의왕시,53,14561,4429,2074,5813,679,2387,161,15736,751,3660,1679,6672,6492
11,서울,200,성동구,51,23187,7861,3908,9089,1305,4093,338,28264,1159,3938,2101,11337,10758
47,경북,930,울진군,55,356,136,52,148,30,49,0,346,20,123,35,163,134
44,충남,760,부여군,52,1071,349,144,404,32,107,0,871,42,281,45,404,347
46,전남,230,광양시,55,1312,404,121,571,67,237,17,1322,78,417,139,579,555
27,대구,170,서구,55,2415,941,343,885,91,273,15,2320,83,577,184,1093,1112
42,강원,820,고성군,54,208,51,19,103,12,41,0,210,8,54,16,112,90
41,경기,287,고양시 일산서구,53,28595,7257,4983,11693,1324,5027,516,32503,1781,7269,2784,13610,13277
26,부산,470,연제구,53,14614,5592,2431,4538,632,1966,356,13636,673,2863,1414,5772,6883
48,경남,250,김해시,53,23591,5596,3025,8506,901,3344,723,23137,1471,7087,2008,9996,10758
44,충남,770,서천군,51,1138,302,163,455,35,118,7,928,45,283,46,389,371
26,부산,140,서구,54,5629,2530,987,1808,235,638,158,5560,322,1071,517,2451,2344
41,경기,210,광명시,53,35763,10254,5072,14149,1503,4974,374,38946,1812,7384,3451,15766,17189
48,경남,170,진주시,51,4985,1984,758,1944,247,645,83,5148,306,1389,397,2207,2251
29,광주,200,광산구,53,22538,8022,2229,8606,915,3331,251,21333,1083,6265,2110,8622,10209
45,전북,210,김제시,53,2600,805,195,929,67,320,21,2222,108,713,166,932,1082
46,전남,780,보성군,52,722,233,52,287,23,81,0,592,22,190,51,234,270
30,대전,170,서구,52,54032,19937,9327,19401,2081,6493,489,48929,1900,11903,4127,21094,21949
47,경북,210,영주시,51,2151,828,183,922,73,216,6,2038,94,576,133,915,968
46,전남,880,장성군,55,438,130,36,172,19,49,0,366,14,120,34,142,139
42,강원,770,정선군,54,1324,508,114,533,109,154,9,1208,57,419,73,667,505
47,경북,760,영양군,52,108,6,8,44,7,0,0,127,0,49,6,62,54
42,강원,210,속초시,54,1076,435,108,464,67,187,23,1262,53,244,98,589,512
47,경북,113,포항시 북구,52,18568,5559,2080,6739,709,2404,178,17478,1024,5448,1197,7081,8170
41,경기,271,안산시 상록구,53,17621,5634,2253,6724,745,2620,189,19353,776,4262,1623,8783,8380
45,전북,130,군산시,55,1996,911,332,828,103,317,15,2004,65,588,156,917,854
26,부산,350,해운대구,55,9245,3908,1952,2921,617,1458,299,9144,537,2109,1245,3949,4172
47,경북,113,포항시 북구,55,7796,2731,906,2892,311,1018,76,7731,404,2224,524,3098,3499
41,경기,820,가평군,54,2514,867,293,1030,108,345,22,2436,102,658,146,1072,808
44,충남,810,예산군,54,3406,1200,338,1465,101,383,15,3193,122,953,165,1396,1309
46,전남,780,보성군,53,854,257,62,344,28,92,0,711,28,247,62,298,325
11,서울,230,동대문구,55,9863,3920,1761,3905,522,1644,136,12065,497,1669,872,5332,4424
26,부산,170,동구,52,4296,1888,751,1395,183,458,68,3936,258,785,401,1780,1704
48,경남,880,거창군,55,201,84,35,86,0,33,0,232,7,62,27,102,89
29,광주,140,서구,52,16018,6003,2169,5979,684,2421,185,15640,770,3949,1322,6156,7131
48,경남,880,거창군,52,733,258,97,314,18,86,8,754,30,234,67,342,291
45,전북,180,정읍시,52,3805,1294,254,1487,103,381,16,3104,176,970,189,1238,1402
50,제주,110,제주시,55,1619,725,153,646,128,294,128,1823,67,404,200,839,745
41,경기,670,여주시,55,307,92,40,108,10,40,0,330,0,96,31,158,136
47,경북,130,경주시,54,15436,5815,1657,5352,768,1770,206,14826,838,4548,1734,6293,6914
48,경남,820,고성군,53,369,106,42,149,18,27,0,315,11,94,23,167,150
41,경기,830,양평군,51,4615,1416,468,1868,197,521,33,4214,240,1218,380,1795,1784
41,경기,410,군포시,52,19072,5941,3068,7338,790,2664,180,21027,1000,4146,1603,8645,9058
26,부산,500,수영구,52,10592,4392,2015,3322,477,1436,290,10142,554,2050,994,4403,4491
11,서울,290,성북구,55,13034,4648,2211,5069,711,2172,207,15296,597,2363,1112,6730,5835
11,서울,500,강서구,54,61096,20667,10499,25809,2999,9909,1555,74068,3101,11415,5407,31910,29217
27,대구,710,달성군,55,3619,1167,526,1304,153,386,28,3524,111,1073,312,1578,1531
47,경북,830,고령군,51,240,49,20,81,0,0,0,191,7,54,18,87,102
44,충남,800,홍성군,55,1532,533,133,559,46,184,0,1382,46,467,83,635,570
41,경기,370,오산시,53,12118,3540,1643,4596,452,1861,108,12627,509,3542,1177,5784,5540
48,경남,125,창원시 마산합포구,53,6729,2161,923,2349,258,764,101,6373,395,1785,616,2736,2922
47,경북,750,청송군,53,338,82,33,129,11,26,0,320,22,114,31,154,139
26,부산,140,서구,53,6688,2910,1094,2127,263,731,172,6481,430,1289,620,2817,2797
11,서울,350,노원구,52,36640,9563,5717,15544,1563,5662,442,42445,1970,6546,2639,17527,17258
28,인천,200,남동구,55,4740,1782,713,1823,206,796,72,5150,210,1102,580,2323,2111
44,충남,133,천안시 서북구,54,44916,18477,5000,17799,1779,6620,372,44076,1570,12630,3090,19703,18849
46,전남,780,보성군,54,643,199,52,246,18,81,0,565,22,188,50,213,239
44,충남,825,태안군,51,372,98,41,158,18,28,0,342,10,109,20,160,132
11,서울,140,중구,55,5031,1999,961,1915,296,866,54,6065,248,765,456,2657,2200
42,강원,750,영월군,51,960,341,76,391,40,114,13,902,59,213,46,408,369
44,충남,250,계룡시,54,5709,1465,633,2208,252,1094,35,5184,214,1694,371,2069,2409
46,전남,720,곡성군,54,674,216,54,291,21,66,6,530,22,200,40,250,215
41,경기,171,안양시 만안구,52,17003,5569,2308,6721,717,2317,183,18401,822,3724,1526,8115,7597
47,경북,150,김천시,51,12131,4333,1058,4647,353,1276,67,10543,703,3424,748,4634,4952
45,전북,710,완주군,52,2249,605,209,957,89,303,25,2157,84,734,185,886,993
27,대구,200,남구,55,3942,1774,608,1330,161,463,28,3960,120,841,281,1876,1669
41,경기,650,포천시,54,1344,343,172,576,46,186,10,1469,55,432,141,696,588
